Workbook

Sheet Main Report
A2: Tester : | B2: Mohammed Fahad Faisal Tahsin Ahmmed | D2: Severity | E2: Issues
A3: Project Name: | B3: VALR | D3: High | E3: =COUNTIF(Tahsin!K14:K1005, "High") + COUNTIF(Fahad!K9:K1005, "High") -> 20
A4: Project URL: | D4: Medium | E4: =COUNTIF(Tahsin!K14:K1006, "Medium") + COUNTIF(Fahad!K9:K1006, "Medium") -> 12
A5: Developer: | B5: AI-Hunter | D5: Low | E5: =COUNTIF(Fahad!K9:K1007, "Low") + COUNTIF(Tahsin!K14:K1009, "Low") -> 5
A6: OS:
A7: Environment | D7: Total Test Cases: | E7: =SUM(E3:E5) -> 37
D8: Test Case Solved : | E8: =COUNTIF(O11:O1003, "Solved") -> 21
A10: Test Case ID | B10: Module | C10: Sub Module | D10: Test Case Description | E10: Preconditions | F10: Test Steps | G10: Test Data | H10: Expected Result | I10: Actual Result | J10: Status | K10: Severity | L10: Screen Shots | M10: Suggestion | N10: Tester | O10: Feedback | P10: Comment
A11: {=IF((LEN(B11:B100)+LEN(C11:C100))>0, "BR-" & TEXT(ROW(B11:B100)-ROW(B11)+1,"000"), "")} -> BR-001 | B11: =IFERROR(__xludf.DUMMYFUNCTION("QUERY( { ARRAYFORMULA({TRIM(Fahad!B9:B999), Fahad!C9:M999, IF(LEN(Fahad!B9:B999), ""Fahad"", """")}); ARRAYFORMULA({TRIM(Tahsin!B15:B999), Tahsin!C15:M999, IF(LEN(Tahsin!B15:B999), ""Tahsin"", """")}) }, ""SELECT * WHERE Col1 IS NOT NULL ORD"&"ER BY Col1 ASC, Col2 ASC"", 0 ) "),"Claim") -> Claim | C11: =IFERROR(__xludf.DUMMYFUNCTION("""COMPUTED_VALUE"""),"Accessibility (Screen Reader)") -> Accessibility (Screen Reader) | D11: =IFERROR(__xludf.DUMMYFUNCTION("""COMPUTED_VALUE"""),"Verify Screen Reader stops reading when the user navigates back from the 'Claim' flow.") -> Verify Screen Reader stops reading when the user navigates back from the 'Claim' flow. | E11: =IFERROR(__xludf.DUMMYFUNCTION("""COMPUTED_VALUE"""),"User is logged in to the Valr application.") -> User is logged in to the Valr application. | F11: =IFERROR(__xludf.DUMMYFUNCTION("""COMPUTED_VALUE"""),"1) Tap the 'Claim' button to initiate the flow. 2) While the screen reader is actively speaking, tap the **Back** button (device or in-app).") -> 1) Tap the 'Claim' button to initiate the flow. 2) While the screen reader is actively speaking, tap the **Back** button (device or in-app). | G11: =IFERROR(__xludf.DUMMYFUNCTION("""COMPUTED_VALUE"""),"N/A (Functional Test)") -> N/A (Functional Test) | H11: =IFERROR(__xludf.DUMMYFUNCTION("""COMPUTED_VALUE"""),"The screen reader/TalkBack readout **must stop immediately** upon navigating away from the 'Claim' screen.") -> The screen reader/TalkBack readout **must stop immediately** upon navigating away from the 'Claim' screen. | I11: =IFERROR(__xludf.DUMMYFUNCTION("""COMPUTED_VALUE"""),"The screen reader continues to read the entire question/text until the portion is ended, even after navigating back.") -> The screen reader continues to read the entire question/text until the portion is ended, even after navigating back. | J11: =IFERROR(__xludf.DUMMYFUNCTION("""COMPUTED_VALUE"""),"Fail") -> Fail | K11: =IFERROR(__xludf.DUMMYFUNCTION("""COMPUTED_VALUE"""),"High") -> High | L11: =IFERROR(__xludf.DUMMYFUNCTION("""COMPUTED_VALUE"""),"Sound .mp4") -> Sound .mp4 | N11: =IFERROR(__xludf.DUMMYFUNCTION("""COMPUTED_VALUE"""),"Tahsin") -> Tahsin
A12: BR-002 | B12: =IFERROR(__xludf.DUMMYFUNCTION("""COMPUTED_VALUE"""),"Claim Form") -> Claim Form | C12: =IFERROR(__xludf.DUMMYFUNCTION("""COMPUTED_VALUE"""),"Claim Form") -> Claim Form | D12: =IFERROR(__xludf.DUMMYFUNCTION("""COMPUTED_VALUE"""),"Darft is not functioning properly") -> Darft is not functioning properly | E12: =IFERROR(__xludf.DUMMYFUNCTION("""COMPUTED_VALUE"""),"User need to install the apk in their phone") -> User need to install the apk in their phone | F12: =IFERROR(__xludf.DUMMYFUNCTION("""COMPUTED_VALUE"""),"1. Open app 2. Signin using valid credentials 3. Subscribe and click on claim 4. Fill form with necessary information") -> 1. Open app 2. Signin using valid credentials 3. Subscribe and click on claim 4. Fill form with necessary information | G12: =IFERROR(__xludf.DUMMYFUNCTION("""COMPUTED_VALUE"""),"email : misak59277@foxroids.com pass : 123456abcde") -> email : misak59277@foxroids.com pass : 123456abcde | H12: =IFERROR(__xludf.DUMMYFUNCTION("""COMPUTED_VALUE"""),"The draft system should be implemented in its complete form.") -> The draft system should be implemented in its complete form. | I12: =IFERROR(__xludf.DUMMYFUNCTION("""COMPUTED_VALUE"""),"Only the data from the first 7 pages can be saved as a draft, while the remaining data is not stored correctly.") -> Only the data from the first 7 pages can be saved as a draft, while the remaining data is not stored correctly. | J12: =IFERROR(__xludf.DUMMYFUNCTION("""COMPUTED_VALUE"""),"Fail") -> Fail | K12: =IFERROR(__xludf.DUMMYFUNCTION("""COMPUTED_VALUE"""),"High") -> High | L12: =IFERROR(__xludf.DUMMYFUNCTION("""COMPUTED_VALUE"""),"https://drive.google.com/file/d/1hfjRYWtx56grOZvxa7Mk-osFuIBctrwV/view?usp=drive_link") -> https://drive.google.com/file/d/1hfjRYWtx56grOZvxa7Mk-osFuIBctrwV/view?usp=drive_link | N12: =IFERROR(__xludf.DUMMYFUNCTION("""COMPUTED_VALUE"""),"Fahad") -> Fahad | O12: Solved
A13: BR-003 | B13: =IFERROR(__xludf.DUMMYFUNCTION("""COMPUTED_VALUE"""),"Claim Now") -> Claim Now | C13: =IFERROR(__xludf.DUMMYFUNCTION("""COMPUTED_VALUE"""),"First Page") -> First Page | D13: =IFERROR(__xludf.DUMMYFUNCTION("""COMPUTED_VALUE"""),"Validate that the Back button functions correctly on “Have you ever applied for VA benefits” page") -> Validate that the Back button functions correctly on “Have you ever applied for VA benefits” page | E13: =IFERROR(__xludf.DUMMYFUNCTION("""COMPUTED_VALUE"""),"Paid user is logged in and on the “Have you ever applied for VA benefits” page under Claim Now section") -> Paid user is logged in and on the “Have you ever applied for VA benefits” page under Claim Now section | F13: =IFERROR(__xludf.DUMMYFUNCTION("""COMPUTED_VALUE"""),"1) Open the app 2) Log in as a paid user 3) Navigate to Claim Now section 4) Proceed to “Have you ever applied for VA benefits” page 5) Tap on the Back button") -> 1) Open the app 2) Log in as a paid user 3) Navigate to Claim Now section 4) Proceed to “Have you ever applied for VA benefits” page 5) Tap on the Back button | G13: =IFERROR(__xludf.DUMMYFUNCTION("""COMPUTED_VALUE"""),"N/A") -> N/A | H13: =IFERROR(__xludf.DUMMYFUNCTION("""COMPUTED_VALUE"""),"User should be navigated to the previous page when tapping the Back button") -> User should be navigated to the previous page when tapping the Back button | I13: =IFERROR(__xludf.DUMMYFUNCTION("""COMPUTED_VALUE"""),"Back button is unresponsive and does not navigate to the previous page") -> Back button is unresponsive and does not navigate to the previous page | J13: =IFERROR(__xludf.DUMMYFUNCTION("""COMPUTED_VALUE"""),"Fail") -> Fail | K13: =IFERROR(__xludf.DUMMYFUNCTION("""COMPUTED_VALUE"""),"High") -> High | L13: =IFERROR(__xludf.DUMMYFUNCTION("""COMPUTED_VALUE"""),"Claim Now Back Button.mp4") -> Claim Now Back Button.mp4 | N13: =IFERROR(__xludf.DUMMYFUNCTION("""COMPUTED_VALUE"""),"Tahsin") -> Tahsin | O13: Solved
A14: BR-004 | B14: =IFERROR(__xludf.DUMMYFUNCTION("""COMPUTED_VALUE"""),"Claim/Narrative") -> Claim/Narrative | C14: =IFERROR(__xludf.DUMMYFUNCTION("""COMPUTED_VALUE"""),"Session Management") -> Session Management | D14: =IFERROR(__xludf.DUMMYFUNCTION("""COMPUTED_VALUE"""),"Verify that generated narratives and intermediate claim data are saved and persist across application restarts.") -> Verify that generated narratives and intermediate claim data are saved and persist across application restarts. | E14: =IFERROR(__xludf.DUMMYFUNCTION("""COMPUTED_VALUE"""),"A narrative has been successfully generated and then Reopen the Apps") -> A narrative has been successfully generated and then Reopen the Apps | F14: =IFERROR(__xludf.DUMMYFUNCTION("""COMPUTED_VALUE"""),"1. Complete the claim process, ending with the Narrative Generation screen. 2. Close the Valr application. 3. Re-open the Valr application. 4. Navigate back to the 'Claim' section/flow.") -> 1. Complete the claim process, ending with the Narrative Generation screen. 2. Close the Valr application. 3. Re-open the Valr application. 4. Navigate back to the 'Claim' section/flow. | G14: =IFERROR(__xludf.DUMMYFUNCTION("""COMPUTED_VALUE"""),"N/A (Data Persistence Test)") -> N/A (Data Persistence Test) | H14: =IFERROR(__xludf.DUMMYFUNCTION("""COMPUTED_VALUE"""),"The application should resume the claim process from the point where the narrative was generated, or the generated narrative should be viewable in a 'Drafts' or 'History' section. **All previously entered information must be retained.**") -> The application should resume the claim process from the point where the narrative was generated, or the generated narrative should be viewable in a 'Drafts' or 'History' section. **All previously entered information must be retained.** | I14: =IFERROR(__xludf.DUMMYFUNCTION("""COMPUTED_VALUE"""),"Upon re-opening the application and navigating back to the Claim section, the process starts from the beginning, and all previously entered information and the generated narrative are lost.") -> Upon re-opening the application and navigating back to the Claim section, the process starts from the beginning, and all previously entered information and the generated narrative are lost. | J14: =IFERROR(__xludf.DUMMYFUNCTION("""COMPUTED_VALUE"""),"Fail") -> Fail | K14: =IFERROR(__xludf.DUMMYFUNCTION("""COMPUTED_VALUE"""),"High") -> High | N14: =IFERROR(__xludf.DUMMYFUNCTION("""COMPUTED_VALUE"""),"Tahsin") -> Tahsin | O14: Solved
A15: BR-005 | B15: =IFERROR(__xludf.DUMMYFUNCTION("""COMPUTED_VALUE"""),"Contact us") -> Contact us | C15: =IFERROR(__xludf.DUMMYFUNCTION("""COMPUTED_VALUE"""),"Support") -> Support | D15: =IFERROR(__xludf.DUMMYFUNCTION("""COMPUTED_VALUE"""),"Missing back button in the contact us page") -> Missing back button in the contact us page | E15: =IFERROR(__xludf.DUMMYFUNCTION("""COMPUTED_VALUE"""),"User need to install the apk in their phone") -> User need to install the apk in their phone | F15: =IFERROR(__xludf.DUMMYFUNCTION("""COMPUTED_VALUE"""),"1. Open app 2. Goto settings 3. Click on contact us") -> 1. Open app 2. Goto settings 3. Click on contact us | G15: =IFERROR(__xludf.DUMMYFUNCTION("""COMPUTED_VALUE"""),"email: deleri6454@haotuwu.com pass: 12345Abcdef@") -> email: deleri6454@haotuwu.com pass: 12345Abcdef@ | H15: =IFERROR(__xludf.DUMMYFUNCTION("""COMPUTED_VALUE"""),"After getting support, user should be able to use back button to go previous page or home page") -> After getting support, user should be able to use back button to go previous page or home page | I15: =IFERROR(__xludf.DUMMYFUNCTION("""COMPUTED_VALUE"""),"Failed to back due to missing back button") -> Failed to back due to missing back button | J15: =IFERROR(__xludf.DUMMYFUNCTION("""COMPUTED_VALUE"""),"Fail") -> Fail | K15: =IFERROR(__xludf.DUMMYFUNCTION("""COMPUTED_VALUE"""),"Low") -> Low | L15: =IFERROR(__xludf.DUMMYFUNCTION("""COMPUTED_VALUE"""),"https://drive.google.com/file/d/105rCPxfDdEAZ02Qnw84gjSIzklP4lRzM/view?usp=drive_link") -> https://drive.google.com/file/d/105rCPxfDdEAZ02Qnw84gjSIzklP4lRzM/view?usp=drive_link | N15: =IFERROR(__xludf.DUMMYFUNCTION("""COMPUTED_VALUE"""),"Fahad") -> Fahad | O15: Solved
A16: BR-006 | B16: =IFERROR(__xludf.DUMMYFUNCTION("""COMPUTED_VALUE"""),"Forget Password") -> Forget Password | C16: =IFERROR(__xludf.DUMMYFUNCTION("""COMPUTED_VALUE"""),"Forget Password") -> Forget Password | D16: =IFERROR(__xludf.DUMMYFUNCTION("""COMPUTED_VALUE"""),"OTP page failed to load") -> OTP page failed to load | E16: =IFERROR(__xludf.DUMMYFUNCTION("""COMPUTED_VALUE"""),"User need to install the apk in their phone") -> User need to install the apk in their phone | F16: =IFERROR(__xludf.DUMMYFUNCTION("""COMPUTED_VALUE"""),"1. Open app 2. Click on SignIn 3. Click on Forget Password") -> 1. Open app 2. Click on SignIn 3. Click on Forget Password | G16: =IFERROR(__xludf.DUMMYFUNCTION("""COMPUTED_VALUE"""),"email : misak59277@foxroids.com pass : 123456abcdef") -> email : misak59277@foxroids.com pass : 123456abcdef | H16: =IFERROR(__xludf.DUMMYFUNCTION("""COMPUTED_VALUE"""),"User should be able to navigate to the OTP page after entering their email and then click on ""Send"".") -> User should be able to navigate to the OTP page after entering their email and then click on "Send". | I16: =IFERROR(__xludf.DUMMYFUNCTION("""COMPUTED_VALUE"""),"Failed to load the OTP page, but the OTP was sent to the registered email.") -> Failed to load the OTP page, but the OTP was sent to the registered email. | J16: =IFERROR(__xludf.DUMMYFUNCTION("""COMPUTED_VALUE"""),"Fail") -> Fail | K16: =IFERROR(__xludf.DUMMYFUNCTION("""COMPUTED_VALUE"""),"High") -> High | L16: =IFERROR(__xludf.DUMMYFUNCTION("""COMPUTED_VALUE"""),"https://drive.google.com/file/d/1VESCJdD9F7mHvgbacoa6uvf8QUV8dCcm/view?usp=drive_link") -> https://drive.google.com/file/d/1VESCJdD9F7mHvgbacoa6uvf8QUV8dCcm/view?usp=drive_link | N16: =IFERROR(__xludf.DUMMYFUNCTION("""COMPUTED_VALUE"""),"Fahad") -> Fahad | O16: Solved
A17: BR-007 | B17: =IFERROR(__xludf.DUMMYFUNCTION("""COMPUTED_VALUE"""),"Generated PDF") -> Generated PDF | C17: =IFERROR(__xludf.DUMMYFUNCTION("""COMPUTED_VALUE"""),"Generated PDF") -> Generated PDF | D17: =IFERROR(__xludf.DUMMYFUNCTION("""COMPUTED_VALUE"""),"Unable to display the submitted date.") -> Unable to display the submitted date. | E17: =IFERROR(__xludf.DUMMYFUNCTION("""COMPUTED_VALUE"""),"User need to install the apk in their phone") -> User need to install the apk in their phone | F17: =IFERROR(__xludf.DUMMYFUNCTION("""COMPUTED_VALUE"""),"1. Open app 2. Purchase subscription 3. Click on Claim now 4. Fillup form") -> 1. Open app 2. Purchase subscription 3. Click on Claim now 4. Fillup form | G17: =IFERROR(__xludf.DUMMYFUNCTION("""COMPUTED_VALUE"""),"email: deleri6454@haotuwu.com pass: 12345Abcdef@") -> email: deleri6454@haotuwu.com pass: 12345Abcdef@ | H17: =IFERROR(__xludf.DUMMYFUNCTION("""COMPUTED_VALUE"""),"The submission data should appear in the form after it is generated.") -> The submission data should appear in the form after it is generated. | I17: =IFERROR(__xludf.DUMMYFUNCTION("""COMPUTED_VALUE"""),"The generated PDF date is missing in the submission form.") -> The generated PDF date is missing in the submission form. | J17: =IFERROR(__xludf.DUMMYFUNCTION("""COMPUTED_VALUE"""),"Fail") -> Fail | K17: =IFERROR(__xludf.DUMMYFUNCTION("""COMPUTED_VALUE"""),"Medium") -> Medium | L17: =IFERROR(__xludf.DUMMYFUNCTION("""COMPUTED_VALUE"""),"https://drive.google.com/file/d/10Em3R92lXlh1lD6g-j9jvDq9BroejUmg/view?usp=drive_link") -> https://drive.google.com/file/d/10Em3R92lXlh1lD6g-j9jvDq9BroejUmg/view?usp=drive_link | N17: =IFERROR(__xludf.DUMMYFUNCTION("""COMPUTED_VALUE"""),"Fahad") -> Fahad | O17: Solved
A18: BR-008 | B18: =IFERROR(__xludf.DUMMYFUNCTION("""COMPUTED_VALUE"""),"Home Page") -> Home Page | C18: =IFERROR(__xludf.DUMMYFUNCTION("""COMPUTED_VALUE"""),"FAQ Section") -> FAQ Section | D18: =IFERROR(__xludf.DUMMYFUNCTION("""COMPUTED_VALUE"""),"Validate that FAQ section is displayed on the Home page") -> Validate that FAQ section is displayed on the Home page | E18: =IFERROR(__xludf.DUMMYFUNCTION("""COMPUTED_VALUE"""),"User is on Home screen with app successfully loaded") -> User is on Home screen with app successfully loaded | F18: =IFERROR(__xludf.DUMMYFUNCTION("""COMPUTED_VALUE"""),"1) Open the app 2) Navigate to Home page 3) Scroll through the page and look for the FAQ section") -> 1) Open the app 2) Navigate to Home page 3) Scroll through the page and look for the FAQ section | G18: =IFERROR(__xludf.DUMMYFUNCTION("""COMPUTED_VALUE"""),"N/A") -> N/A | H18: =IFERROR(__xludf.DUMMYFUNCTION("""COMPUTED_VALUE"""),"FAQ section should be visible and accessible from the Home page") -> FAQ section should be visible and accessible from the Home page | I18: =IFERROR(__xludf.DUMMYFUNCTION("""COMPUTED_VALUE"""),"The FAQ section is missing from the Home page") -> The FAQ section is missing from the Home page | J18: =IFERROR(__xludf.DUMMYFUNCTION("""COMPUTED_VALUE"""),"Fail") -> Fail | K18: =IFERROR(__xludf.DUMMYFUNCTION("""COMPUTED_VALUE"""),"Medium") -> Medium | N18: =IFERROR(__xludf.DUMMYFUNCTION("""COMPUTED_VALUE"""),"Tahsin") -> Tahsin | O18: Solved
A19: BR-009 | B19: =IFERROR(__xludf.DUMMYFUNCTION("""COMPUTED_VALUE"""),"Home Page") -> Home Page | C19: =IFERROR(__xludf.DUMMYFUNCTION("""COMPUTED_VALUE"""),"Menu Button") -> Menu Button | D19: =IFERROR(__xludf.DUMMYFUNCTION("""COMPUTED_VALUE"""),"Validate that menu button labels are fully visible in 3-button navigation mode") -> Validate that menu button labels are fully visible in 3-button navigation mode | E19: =IFERROR(__xludf.DUMMYFUNCTION("""COMPUTED_VALUE"""),"User is on Home screen with device set to 3-button navigation mode") -> User is on Home screen with device set to 3-button navigation mode | F19: =IFERROR(__xludf.DUMMYFUNCTION("""COMPUTED_VALUE"""),"1) Open the app 2) Ensure system navigation mode is set to 3-button navigation 3) Observe menu button labels at the bottom of the home screen") -> 1) Open the app 2) Ensure system navigation mode is set to 3-button navigation 3) Observe menu button labels at the bottom of the home screen | G19: =IFERROR(__xludf.DUMMYFUNCTION("""COMPUTED_VALUE"""),"N/A") -> N/A | H19: =IFERROR(__xludf.DUMMYFUNCTION("""COMPUTED_VALUE"""),"Menu button labels should be fully visible and not cut off regardless of navigation mode") -> Menu button labels should be fully visible and not cut off regardless of navigation mode | I19: =IFERROR(__xludf.DUMMYFUNCTION("""COMPUTED_VALUE"""),"Menu button labels appear cut off or partially hidden in 3-button navigation mode") -> Menu button labels appear cut off or partially hidden in 3-button navigation mode | J19: =IFERROR(__xludf.DUMMYFUNCTION("""COMPUTED_VALUE"""),"Fail") -> Fail | K19: =IFERROR(__xludf.DUMMYFUNCTION("""COMPUTED_VALUE"""),"Medium") -> Medium | L19: =IFERROR(__xludf.DUMMYFUNCTION("""COMPUTED_VALUE"""),"https://jam.dev/c/2a594fde-28d0-4558-b2f6-62229c282228") -> https://jam.dev/c/2a594fde-28d0-4558-b2f6-62229c282228 | N19: =IFERROR(__xludf.DUMMYFUNCTION("""COMPUTED_VALUE"""),"Tahsin") -> Tahsin | O19: Solved | P19: This is not an AI ChatBot
A20: BR-010 | B20: =IFERROR(__xludf.DUMMYFUNCTION("""COMPUTED_VALUE"""),"Login") -> Login | C20: =IFERROR(__xludf.DUMMYFUNCTION("""COMPUTED_VALUE"""),"Login") -> Login | D20: =IFERROR(__xludf.DUMMYFUNCTION("""COMPUTED_VALUE"""),"Failed to login") -> Failed to login | E20: =IFERROR(__xludf.DUMMYFUNCTION("""COMPUTED_VALUE"""),"User need to install the apk in their phone") -> User need to install the apk in their phone | F20: =IFERROR(__xludf.DUMMYFUNCTION("""COMPUTED_VALUE"""),"1. Open app 2. Click on SignIn") -> 1. Open app 2. Click on SignIn | G20: =IFERROR(__xludf.DUMMYFUNCTION("""COMPUTED_VALUE"""),"email : misak59277@foxroids.com pass : 123456abcdef") -> email : misak59277@foxroids.com pass : 123456abcdef | H20: =IFERROR(__xludf.DUMMYFUNCTION("""COMPUTED_VALUE"""),"User can login to app without any issue") -> User can login to app without any issue | I20: =IFERROR(__xludf.DUMMYFUNCTION("""COMPUTED_VALUE"""),"Failed to login by valid credentials") -> Failed to login by valid credentials | J20: =IFERROR(__xludf.DUMMYFUNCTION("""COMPUTED_VALUE"""),"Fail") -> Fail | K20: =IFERROR(__xludf.DUMMYFUNCTION("""COMPUTED_VALUE"""),"High") -> High | L20: =IFERROR(__xludf.DUMMYFUNCTION("""COMPUTED_VALUE"""),"https://drive.google.com/file/d/1Ci9kFRKVy5VBTVboR0fy0ArvSwheuSvr/view?usp=drive_link") -> https://drive.google.com/file/d/1Ci9kFRKVy5VBTVboR0fy0ArvSwheuSvr/view?usp=drive_link | M20: =IFERROR(__xludf.DUMMYFUNCTION("""COMPUTED_VALUE"""),"User can login on 2nd attempt by those credentials but not in 1st attempt") -> User can login on 2nd attempt by those credentials but not in 1st attempt | N20: =IFERROR(__xludf.DUMMYFUNCTION("""COMPUTED_VALUE"""),"Fahad") -> Fahad | O20: Solved
A21: BR-011 | B21: =IFERROR(__xludf.DUMMYFUNCTION("""COMPUTED_VALUE"""),"Mental Health") -> Mental Health | C21: =IFERROR(__xludf.DUMMYFUNCTION("""COMPUTED_VALUE"""),"Mental Health") -> Mental Health | D21: =IFERROR(__xludf.DUMMYFUNCTION("""COMPUTED_VALUE"""),"Page flow missing") -> Page flow missing | E21: =IFERROR(__xludf.DUMMYFUNCTION("""COMPUTED_VALUE"""),"User need to install the apk in their phone") -> User need to install the apk in their phone | F21: =IFERROR(__xludf.DUMMYFUNCTION("""COMPUTED_VALUE"""),"1. Open app 2. Signin using valid credentials 3. Subscribe and click on claim 4. Fill form with necessary information") -> 1. Open app 2. Signin using valid credentials 3. Subscribe and click on claim 4. Fill form with necessary information | G21: =IFERROR(__xludf.DUMMYFUNCTION("""COMPUTED_VALUE"""),"email : misak59277@foxroids.com pass : 123456abcde") -> email : misak59277@foxroids.com pass : 123456abcde | H21: =IFERROR(__xludf.DUMMYFUNCTION("""COMPUTED_VALUE"""),"After submitting all the questions, then by clicking on continue, body health question should appear") -> After submitting all the questions, then by clicking on continue, body health question should appear | I21: =IFERROR(__xludf.DUMMYFUNCTION("""COMPUTED_VALUE"""),"Failed to load body health questions ") -> Failed to load body health questions | J21: =IFERROR(__xludf.DUMMYFUNCTION("""COMPUTED_VALUE"""),"Fail") -> Fail | K21: =IFERROR(__xludf.DUMMYFUNCTION("""COMPUTED_VALUE"""),"High") -> High | L21: =IFERROR(__xludf.DUMMYFUNCTION("""COMPUTED_VALUE"""),"https://drive.google.com/file/d/1ql7xDdzIV0kFcbZyo_zAFJHrA8RN74KL/view?usp=drive_link") -> https://drive.google.com/file/d/1ql7xDdzIV0kFcbZyo_zAFJHrA8RN74KL/view?usp=drive_link | N21: =IFERROR(__xludf.DUMMYFUNCTION("""COMPUTED_VALUE"""),"Fahad") -> Fahad | O21: Solved
A22: BR-012 | B22: =IFERROR(__xludf.DUMMYFUNCTION("""COMPUTED_VALUE"""),"Message") -> Message | C22: =IFERROR(__xludf.DUMMYFUNCTION("""COMPUTED_VALUE"""),"Message Prifile Image") -> Message Prifile Image | D22: =IFERROR(__xludf.DUMMYFUNCTION("""COMPUTED_VALUE"""),"Validate that updated profile image is displayed in chat section") -> Validate that updated profile image is displayed in chat section | E22: =IFERROR(__xludf.DUMMYFUNCTION("""COMPUTED_VALUE"""),"User has already updated profile image successfully (visible in Profile section)") -> User has already updated profile image successfully (visible in Profile section) | F22: =IFERROR(__xludf.DUMMYFUNCTION("""COMPUTED_VALUE"""),"1) Open the app 2) Update profile image in Profile section (if not already) 3) Navigate to Chat page 4) Observe the displayed user image in chat messages") -> 1) Open the app 2) Update profile image in Profile section (if not already) 3) Navigate to Chat page 4) Observe the displayed user image in chat messages | H22: =IFERROR(__xludf.DUMMYFUNCTION("""COMPUTED_VALUE"""),"The chat page should display the user’s updated profile image instead of the default image") -> The chat page should display the user’s updated profile image instead of the default image | I22: =IFERROR(__xludf.DUMMYFUNCTION("""COMPUTED_VALUE"""),"The chat page still shows the default image even after updating the profile picture") -> The chat page still shows the default image even after updating the profile picture | J22: =IFERROR(__xludf.DUMMYFUNCTION("""COMPUTED_VALUE"""),"Fail") -> Fail | K22: =IFERROR(__xludf.DUMMYFUNCTION("""COMPUTED_VALUE"""),"Medium") -> Medium | L22: =IFERROR(__xludf.DUMMYFUNCTION("""COMPUTED_VALUE"""),"image in profile.jpg image in chat.jpg") -> image in profile.jpg image in chat.jpg | N22: =IFERROR(__xludf.DUMMYFUNCTION("""COMPUTED_VALUE"""),"Tahsin") -> Tahsin | O22: Solved
A23: BR-013 | B23: =IFERROR(__xludf.DUMMYFUNCTION("""COMPUTED_VALUE"""),"Message") -> Message | C23: =IFERROR(__xludf.DUMMYFUNCTION("""COMPUTED_VALUE"""),"Page") -> Page | D23: =IFERROR(__xludf.DUMMYFUNCTION("""COMPUTED_VALUE"""),"Validate that AI assistant responds properly in chat section") -> Validate that AI assistant responds properly in chat section | E23: =IFERROR(__xludf.DUMMYFUNCTION("""COMPUTED_VALUE"""),"User is logged in and on Chat page with stable internet connection") -> User is logged in and on Chat page with stable internet connection | F23: =IFERROR(__xludf.DUMMYFUNCTION("""COMPUTED_VALUE"""),"1) Open the app 2) Navigate to Chat page 3) Type a message to the AI assistant 4) Wait for a response") -> 1) Open the app 2) Navigate to Chat page 3) Type a message to the AI assistant 4) Wait for a response | G23: =IFERROR(__xludf.DUMMYFUNCTION("""COMPUTED_VALUE"""),"Message: “Hello”") -> Message: “Hello” | H23: =IFERROR(__xludf.DUMMYFUNCTION("""COMPUTED_VALUE"""),"The AI assistant should respond promptly with a relevant reply indicating it’s an automated AI system") -> The AI assistant should respond promptly with a relevant reply indicating it’s an automated AI system | I23: =IFERROR(__xludf.DUMMYFUNCTION("""COMPUTED_VALUE"""),"The chat shows no response or confusion whether it’s an AI or Admin panel") -> The chat shows no response or confusion whether it’s an AI or Admin panel | J23: =IFERROR(__xludf.DUMMYFUNCTION("""COMPUTED_VALUE"""),"Fail") -> Fail | K23: =IFERROR(__xludf.DUMMYFUNCTION("""COMPUTED_VALUE"""),"High") -> High | L23: =IFERROR(__xludf.DUMMYFUNCTION("""COMPUTED_VALUE"""),"message respone.jpg") -> message respone.jpg | N23: =IFERROR(__xludf.DUMMYFUNCTION("""COMPUTED_VALUE"""),"Tahsin") -> Tahsin | O23: Solved
A24: BR-014 | B24: =IFERROR(__xludf.DUMMYFUNCTION("""COMPUTED_VALUE"""),"Narration") -> Narration | C24: =IFERROR(__xludf.DUMMYFUNCTION("""COMPUTED_VALUE"""),"Narration") -> Narration | D24: =IFERROR(__xludf.DUMMYFUNCTION("""COMPUTED_VALUE"""),"Data mismatch") -> Data mismatch | E24: =IFERROR(__xludf.DUMMYFUNCTION("""COMPUTED_VALUE"""),"User need to install the apk in their phone") -> User need to install the apk in their phone | F24: =IFERROR(__xludf.DUMMYFUNCTION("""COMPUTED_VALUE"""),"1. Open app 2. Purchase subscription 3. Click on Claim now 4. Fillup form") -> 1. Open app 2. Purchase subscription 3. Click on Claim now 4. Fillup form | G24: =IFERROR(__xludf.DUMMYFUNCTION("""COMPUTED_VALUE"""),"email: deleri6454@haotuwu.com pass: 12345Abcdef@") -> email: deleri6454@haotuwu.com pass: 12345Abcdef@ | H24: =IFERROR(__xludf.DUMMYFUNCTION("""COMPUTED_VALUE"""),"Data should be accurate in the naration which was fetch from the form record") -> Data should be accurate in the naration which was fetch from the form record | I24: =IFERROR(__xludf.DUMMYFUNCTION("""COMPUTED_VALUE"""),"Data overwrite has been noticed.") -> Data overwrite has been noticed. | J24: =IFERROR(__xludf.DUMMYFUNCTION("""COMPUTED_VALUE"""),"Fail") -> Fail | K24: =IFERROR(__xludf.DUMMYFUNCTION("""COMPUTED_VALUE"""),"High") -> High | L24: =IFERROR(__xludf.DUMMYFUNCTION("""COMPUTED_VALUE"""),"https://drive.google.com/file/d/1ZPInnDyIXdDRacW3cZSTPQcngwBsqERk/view?usp=drive_link") -> https://drive.google.com/file/d/1ZPInnDyIXdDRacW3cZSTPQcngwBsqERk/view?usp=drive_link | M24: =IFERROR(__xludf.DUMMYFUNCTION("""COMPUTED_VALUE"""),"A rank might change during the service year.") -> A rank might change during the service year. | N24: =IFERROR(__xludf.DUMMYFUNCTION("""COMPUTED_VALUE"""),"Fahad") -> Fahad | O24: Unsolved | P24: Backend
A25: BR-015 | B25: =IFERROR(__xludf.DUMMYFUNCTION("""COMPUTED_VALUE"""),"Narration") -> Narration | C25: =IFERROR(__xludf.DUMMYFUNCTION("""COMPUTED_VALUE"""),"Narration") -> Narration | D25: =IFERROR(__xludf.DUMMYFUNCTION("""COMPUTED_VALUE"""),"Data missing in the narration") -> Data missing in the narration | E25: =IFERROR(__xludf.DUMMYFUNCTION("""COMPUTED_VALUE"""),"User need to install the apk in their phone") -> User need to install the apk in their phone | F25: =IFERROR(__xludf.DUMMYFUNCTION("""COMPUTED_VALUE"""),"1. Open app 2. Purchase subscription 3. Click on Claim now 4. Fillup form") -> 1. Open app 2. Purchase subscription 3. Click on Claim now 4. Fillup form | G25: =IFERROR(__xludf.DUMMYFUNCTION("""COMPUTED_VALUE"""),"email: deleri6454@haotuwu.com pass: 12345Abcdef@") -> email: deleri6454@haotuwu.com pass: 12345Abcdef@ | H25: =IFERROR(__xludf.DUMMYFUNCTION("""COMPUTED_VALUE"""),"All the data in the narration should match the form data.") -> All the data in the narration should match the form data. | I25: =IFERROR(__xludf.DUMMYFUNCTION("""COMPUTED_VALUE"""),"Some information is missing from the narration.") -> Some information is missing from the narration. | J25: =IFERROR(__xludf.DUMMYFUNCTION("""COMPUTED_VALUE"""),"Fail") -> Fail | K25: =IFERROR(__xludf.DUMMYFUNCTION("""COMPUTED_VALUE"""),"High") -> High | L25: =IFERROR(__xludf.DUMMYFUNCTION("""COMPUTED_VALUE"""),"https://drive.google.com/file/d/1T_ykRfbG70t1AaluRRxZf4OUtwAiIUBu/view?usp=drive_link") -> https://drive.google.com/file/d/1T_ykRfbG70t1AaluRRxZf4OUtwAiIUBu/view?usp=drive_link | N25: =IFERROR(__xludf.DUMMYFUNCTION("""COMPUTED_VALUE"""),"Fahad") -> Fahad | O25: Unsolved | P25: Backend
A26: BR-016 | B26: =IFERROR(__xludf.DUMMYFUNCTION("""COMPUTED_VALUE"""),"Narrative Page") -> Narrative Page | C26: =IFERROR(__xludf.DUMMYFUNCTION("""COMPUTED_VALUE"""),"Iconography/Functionality") -> Iconography/Functionality | D26: =IFERROR(__xludf.DUMMYFUNCTION("""COMPUTED_VALUE"""),"Verify the icon used for 'Copy Text' accurately reflects its clipboard functionality.") -> Verify the icon used for 'Copy Text' accurately reflects its clipboard functionality. | E26: =IFERROR(__xludf.DUMMYFUNCTION("""COMPUTED_VALUE"""),"A narrative has been successfully generated.") -> A narrative has been successfully generated. | F26: =IFERROR(__xludf.DUMMYFUNCTION("""COMPUTED_VALUE"""),"1. Tap the icon (currently a 'Download' icon). ") -> 1. Tap the icon (currently a 'Download' icon). | G26: =IFERROR(__xludf.DUMMYFUNCTION("""COMPUTED_VALUE"""),"N/A (Functional/UI Test)") -> N/A (Functional/UI Test) | H26: =IFERROR(__xludf.DUMMYFUNCTION("""COMPUTED_VALUE"""),"The icon displayed should be a standard 'Copy' icon instead of a 'Download' icon. ") -> The icon displayed should be a standard 'Copy' icon instead of a 'Download' icon. | I26: =IFERROR(__xludf.DUMMYFUNCTION("""COMPUTED_VALUE"""),"The page uses a 'Download' icon to initiate the 'Copy Text' function, leading to user confusion.") -> The page uses a 'Download' icon to initiate the 'Copy Text' function, leading to user confusion. | J26: =IFERROR(__xludf.DUMMYFUNCTION("""COMPUTED_VALUE"""),"Fail") -> Fail | K26: =IFERROR(__xludf.DUMMYFUNCTION("""COMPUTED_VALUE"""),"Medium") -> Medium | L26: =IFERROR(__xludf.DUMMYFUNCTION("""COMPUTED_VALUE"""),"copy test.mp4") -> copy test.mp4 | N26: =IFERROR(__xludf.DUMMYFUNCTION("""COMPUTED_VALUE"""),"Tahsin") -> Tahsin | O26: Solved
A27: BR-017 | B27: =IFERROR(__xludf.DUMMYFUNCTION("""COMPUTED_VALUE"""),"Narrative Page") -> Narrative Page | C27: =IFERROR(__xludf.DUMMYFUNCTION("""COMPUTED_VALUE"""),"Text Editor/Edit Narrative") -> Text Editor/Edit Narrative | D27: =IFERROR(__xludf.DUMMYFUNCTION("""COMPUTED_VALUE"""),"Verify cursor positioning via tap/click works correctly in the Narrative Edit screen.") -> Verify cursor positioning via tap/click works correctly in the Narrative Edit screen. | E27: =IFERROR(__xludf.DUMMYFUNCTION("""COMPUTED_VALUE"""),"A narrative has been successfully generated.") -> A narrative has been successfully generated. | F27: =IFERROR(__xludf.DUMMYFUNCTION("""COMPUTED_VALUE"""),"1. Navigate to the generated narrative screen. 2. Tap the 'Edit' icon (or button) to enter the editing mode. 3. Tap on a word of the narrative text. ") -> 1. Navigate to the generated narrative screen. 2. Tap the 'Edit' icon (or button) to enter the editing mode. 3. Tap on a word of the narrative text. | H27: =IFERROR(__xludf.DUMMYFUNCTION("""COMPUTED_VALUE"""),"Upon tapping any word in the narrative text, the cursor should instantly move to the tapped position, allowing for immediate text insertion or deletion.") -> Upon tapping any word in the narrative text, the cursor should instantly move to the tapped position, allowing for immediate text insertion or deletion. | I27: =IFERROR(__xludf.DUMMYFUNCTION("""COMPUTED_VALUE"""),"The cursor does not move to the tapped word; the user must manually scroll/slide the cursor using the pointer control handles to reach the desired word.") -> The cursor does not move to the tapped word; the user must manually scroll/slide the cursor using the pointer control handles to reach the desired word. | J27: =IFERROR(__xludf.DUMMYFUNCTION("""COMPUTED_VALUE"""),"Fail") -> Fail | K27: =IFERROR(__xludf.DUMMYFUNCTION("""COMPUTED_VALUE"""),"Medium") -> Medium | L27: =IFERROR(__xludf.DUMMYFUNCTION("""COMPUTED_VALUE"""),"cursor issue.mp4") -> cursor issue.mp4 | N27: =IFERROR(__xludf.DUMMYFUNCTION("""COMPUTED_VALUE"""),"Tahsin") -> Tahsin | O27: Solved
A28: BR-018 | B28: =IFERROR(__xludf.DUMMYFUNCTION("""COMPUTED_VALUE"""),"Profile") -> Profile | C28: =IFERROR(__xludf.DUMMYFUNCTION("""COMPUTED_VALUE"""),"Edit Profile") -> Edit Profile | D28: =IFERROR(__xludf.DUMMYFUNCTION("""COMPUTED_VALUE"""),"Validate that phone number field accepts only numeric input") -> Validate that phone number field accepts only numeric input | E28: =IFERROR(__xludf.DUMMYFUNCTION("""COMPUTED_VALUE"""),"User is logged in and on Edit Profile screen") -> User is logged in and on Edit Profile screen | F28: =IFERROR(__xludf.DUMMYFUNCTION("""COMPUTED_VALUE"""),"1) Open the app 2) Navigate to Profile section 3) Tap on Edit Profile 4) Tap on Phone Number field 5) Enter alphabets or special characters like “abc@#”") -> 1) Open the app 2) Navigate to Profile section 3) Tap on Edit Profile 4) Tap on Phone Number field 5) Enter alphabets or special characters like “abc@#” | G28: =IFERROR(__xludf.DUMMYFUNCTION("""COMPUTED_VALUE"""),"Phone Number: abc@#") -> Phone Number: abc@# | H28: =IFERROR(__xludf.DUMMYFUNCTION("""COMPUTED_VALUE"""),"The field should accept only numeric values (0–9) and reject alphabets or special characters") -> The field should accept only numeric values (0–9) and reject alphabets or special characters | I28: =IFERROR(__xludf.DUMMYFUNCTION("""COMPUTED_VALUE"""),"The field accepts characters and special symbols instead of restricting to numeric input") -> The field accepts characters and special symbols instead of restricting to numeric input | J28: =IFERROR(__xludf.DUMMYFUNCTION("""COMPUTED_VALUE"""),"Fail") -> Fail | K28: =IFERROR(__xludf.DUMMYFUNCTION("""COMPUTED_VALUE"""),"Medium") -> Medium | L28: =IFERROR(__xludf.DUMMYFUNCTION("""COMPUTED_VALUE"""),"Phone number.mp4") -> Phone number.mp4 | N28: =IFERROR(__xludf.DUMMYFUNCTION("""COMPUTED_VALUE"""),"Tahsin") -> Tahsin | O28: Unsolved
A29: BR-019 | B29: =IFERROR(__xludf.DUMMYFUNCTION("""COMPUTED_VALUE"""),"Profile") -> Profile | C29: =IFERROR(__xludf.DUMMYFUNCTION("""COMPUTED_VALUE"""),"Profile") -> Profile | D29: =IFERROR(__xludf.DUMMYFUNCTION("""COMPUTED_VALUE"""),"Profile picture automatically set.") -> Profile picture automatically set. | E29: =IFERROR(__xludf.DUMMYFUNCTION("""COMPUTED_VALUE"""),"User need to install the apk in their phone") -> User need to install the apk in their phone | F29: =IFERROR(__xludf.DUMMYFUNCTION("""COMPUTED_VALUE"""),"1. Open app 2. Signin using valid credentials 3. Goto Profile") -> 1. Open app 2. Signin using valid credentials 3. Goto Profile | G29: =IFERROR(__xludf.DUMMYFUNCTION("""COMPUTED_VALUE"""),"email : misak59277@foxroids.com pass : 123456abcde") -> email : misak59277@foxroids.com pass : 123456abcde | H29: =IFERROR(__xludf.DUMMYFUNCTION("""COMPUTED_VALUE"""),"A blank image should be displayed on the profile when a user creates a new account.") -> A blank image should be displayed on the profile when a user creates a new account. | I29: =IFERROR(__xludf.DUMMYFUNCTION("""COMPUTED_VALUE"""),"An automatic profile picture has been noticed, and it seems appropriate.") -> An automatic profile picture has been noticed, and it seems appropriate. | J29: =IFERROR(__xludf.DUMMYFUNCTION("""COMPUTED_VALUE"""),"Fail") -> Fail | K29: =IFERROR(__xludf.DUMMYFUNCTION("""COMPUTED_VALUE"""),"Medium") -> Medium | L29: =IFERROR(__xludf.DUMMYFUNCTION("""COMPUTED_VALUE"""),"https://drive.google.com/file/d/1lRM5FYW3Up-I7mwXq0VUVC6GF27kAvrp/view?usp=drive_link") -> https://drive.google.com/file/d/1lRM5FYW3Up-I7mwXq0VUVC6GF27kAvrp/view?usp=drive_link | N29: =IFERROR(__xludf.DUMMYFUNCTION("""COMPUTED_VALUE"""),"Fahad") -> Fahad | O29: Solved
A30: BR-020 | B30: =IFERROR(__xludf.DUMMYFUNCTION("""COMPUTED_VALUE"""),"Profile") -> Profile | C30: =IFERROR(__xludf.DUMMYFUNCTION("""COMPUTED_VALUE"""),"Profile") -> Profile | D30: =IFERROR(__xludf.DUMMYFUNCTION("""COMPUTED_VALUE"""),"Failed to update form information") -> Failed to update form information | E30: =IFERROR(__xludf.DUMMYFUNCTION("""COMPUTED_VALUE"""),"User need to install the apk in their phone") -> User need to install the apk in their phone | F30: =IFERROR(__xludf.DUMMYFUNCTION("""COMPUTED_VALUE"""),"1. Open app 2. Signin using valid credentials 3. Goto Profile") -> 1. Open app 2. Signin using valid credentials 3. Goto Profile | G30: =IFERROR(__xludf.DUMMYFUNCTION("""COMPUTED_VALUE"""),"email : misak59277@foxroids.com pass : 123456abcde") -> email : misak59277@foxroids.com pass : 123456abcde | H30: =IFERROR(__xludf.DUMMYFUNCTION("""COMPUTED_VALUE"""),"Users should be able to update their profiles without any issues.") -> Users should be able to update their profiles without any issues. | I30: =IFERROR(__xludf.DUMMYFUNCTION("""COMPUTED_VALUE"""),"An error from the backend has been noticed while updating profile information.") -> An error from the backend has been noticed while updating profile information. | J30: =IFERROR(__xludf.DUMMYFUNCTION("""COMPUTED_VALUE"""),"Fail") -> Fail | K30: =IFERROR(__xludf.DUMMYFUNCTION("""COMPUTED_VALUE"""),"High") -> High | L30: =IFERROR(__xludf.DUMMYFUNCTION("""COMPUTED_VALUE"""),"https://drive.google.com/file/d/1iP_bJ1pY2S2ztNFaUdlBMzO6pivTYK31/view?usp=drive_link") -> https://drive.google.com/file/d/1iP_bJ1pY2S2ztNFaUdlBMzO6pivTYK31/view?usp=drive_link | N30: =IFERROR(__xludf.DUMMYFUNCTION("""COMPUTED_VALUE"""),"Fahad") -> Fahad | O30: Solved
A31: BR-021 | B31: =IFERROR(__xludf.DUMMYFUNCTION("""COMPUTED_VALUE"""),"Profile") -> Profile | C31: =IFERROR(__xludf.DUMMYFUNCTION("""COMPUTED_VALUE"""),"Profile") -> Profile | D31: =IFERROR(__xludf.DUMMYFUNCTION("""COMPUTED_VALUE"""),"Failed to update profile picture") -> Failed to update profile picture | E31: =IFERROR(__xludf.DUMMYFUNCTION("""COMPUTED_VALUE"""),"User need to install the apk in their phone") -> User need to install the apk in their phone | F31: =IFERROR(__xludf.DUMMYFUNCTION("""COMPUTED_VALUE"""),"1. Open app 2. Goto profile 3. Select image for profile picture") -> 1. Open app 2. Goto profile 3. Select image for profile picture | G31: =IFERROR(__xludf.DUMMYFUNCTION("""COMPUTED_VALUE"""),"email: deleri6454@haotuwu.com pass: 12345Abcdef@") -> email: deleri6454@haotuwu.com pass: 12345Abcdef@ | H31: =IFERROR(__xludf.DUMMYFUNCTION("""COMPUTED_VALUE"""),"User should be able to update their profile picture") -> User should be able to update their profile picture | I31: =IFERROR(__xludf.DUMMYFUNCTION("""COMPUTED_VALUE"""),"Failed to update profile picture") -> Failed to update profile picture | J31: =IFERROR(__xludf.DUMMYFUNCTION("""COMPUTED_VALUE"""),"Fail") -> Fail | K31: =IFERROR(__xludf.DUMMYFUNCTION("""COMPUTED_VALUE"""),"High") -> High | L31: =IFERROR(__xludf.DUMMYFUNCTION("""COMPUTED_VALUE"""),"https://drive.google.com/file/d/1VIQjtXn7Qea_bnKM9izsTzcAZ6p8l3Dy/view?usp=drive_link") -> https://drive.google.com/file/d/1VIQjtXn7Qea_bnKM9izsTzcAZ6p8l3Dy/view?usp=drive_link | N31: =IFERROR(__xludf.DUMMYFUNCTION("""COMPUTED_VALUE"""),"Fahad") -> Fahad | O31: Solved
A32: BR-022 | B32: =IFERROR(__xludf.DUMMYFUNCTION("""COMPUTED_VALUE"""),"Registration") -> Registration | C32: =IFERROR(__xludf.DUMMYFUNCTION("""COMPUTED_VALUE"""),"Registration") -> Registration | D32: =IFERROR(__xludf.DUMMYFUNCTION("""COMPUTED_VALUE"""),"The password visibility icon is not dynamic; it remains fixed on a single option.") -> The password visibility icon is not dynamic; it remains fixed on a single option. | E32: =IFERROR(__xludf.DUMMYFUNCTION("""COMPUTED_VALUE"""),"User need to install the apk in their phone") -> User need to install the apk in their phone | F32: =IFERROR(__xludf.DUMMYFUNCTION("""COMPUTED_VALUE"""),"1. Open app 2. Click on Signup") -> 1. Open app 2. Click on Signup | G32: =IFERROR(__xludf.DUMMYFUNCTION("""COMPUTED_VALUE"""),"N/A") -> N/A | H32: =IFERROR(__xludf.DUMMYFUNCTION("""COMPUTED_VALUE"""),"The password visibility icon should update accordingly.") -> The password visibility icon should update accordingly. | I32: =IFERROR(__xludf.DUMMYFUNCTION("""COMPUTED_VALUE"""),"It's icon set to hide password option only") -> It's icon set to hide password option only | J32: =IFERROR(__xludf.DUMMYFUNCTION("""COMPUTED_VALUE"""),"Fail") -> Fail | K32: =IFERROR(__xludf.DUMMYFUNCTION("""COMPUTED_VALUE"""),"Low") -> Low | L32: =IFERROR(__xludf.DUMMYFUNCTION("""COMPUTED_VALUE"""),"https://drive.google.com/file/d/1Sk1eaL56DxGmBcusnsAxmiA18ygmic_4/view?usp=drive_link") -> https://drive.google.com/file/d/1Sk1eaL56DxGmBcusnsAxmiA18ygmic_4/view?usp=drive_link | N32: =IFERROR(__xludf.DUMMYFUNCTION("""COMPUTED_VALUE"""),"Fahad") -> Fahad | O32: Solved | P32: Same as BR-019
A33: BR-023 | B33: =IFERROR(__xludf.DUMMYFUNCTION("""COMPUTED_VALUE"""),"Registration") -> Registration | C33: =IFERROR(__xludf.DUMMYFUNCTION("""COMPUTED_VALUE"""),"Registration") -> Registration | D33: =IFERROR(__xludf.DUMMYFUNCTION("""COMPUTED_VALUE"""),"Email body contain user email not username") -> Email body contain user email not username | E33: =IFERROR(__xludf.DUMMYFUNCTION("""COMPUTED_VALUE"""),"User need to install the apk in their phone") -> User need to install the apk in their phone | F33: =IFERROR(__xludf.DUMMYFUNCTION("""COMPUTED_VALUE"""),"1. Open app 2. Click on Signup") -> 1. Open app 2. Click on Signup | G33: =IFERROR(__xludf.DUMMYFUNCTION("""COMPUTED_VALUE"""),"email : misak59277@foxroids.com pass : 123456abcdef") -> email : misak59277@foxroids.com pass : 123456abcdef | H33: =IFERROR(__xludf.DUMMYFUNCTION("""COMPUTED_VALUE"""),"In the main body, the user's name should be written instead of mentioning their primary address.") -> In the main body, the user's name should be written instead of mentioning their primary address. | I33: =IFERROR(__xludf.DUMMYFUNCTION("""COMPUTED_VALUE"""),"mentioning them by their email address") -> mentioning them by their email address | J33: =IFERROR(__xludf.DUMMYFUNCTION("""COMPUTED_VALUE"""),"Fail") -> Fail | K33: =IFERROR(__xludf.DUMMYFUNCTION("""COMPUTED_VALUE"""),"Medium") -> Medium | L33: =IFERROR(__xludf.DUMMYFUNCTION("""COMPUTED_VALUE"""),"https://drive.google.com/file/d/1gFAa4qdDuAUpQ4Sd-7yED0Otklc6UZam/view?usp=drive_link") -> https://drive.google.com/file/d/1gFAa4qdDuAUpQ4Sd-7yED0Otklc6UZam/view?usp=drive_link | N33: =IFERROR(__xludf.DUMMYFUNCTION("""COMPUTED_VALUE"""),"Fahad") -> Fahad | O33: Solved | P33: Same as BR-013
A34: BR-024 | B34: =IFERROR(__xludf.DUMMYFUNCTION("""COMPUTED_VALUE"""),"Registration") -> Registration | C34: =IFERROR(__xludf.DUMMYFUNCTION("""COMPUTED_VALUE"""),"Registration") -> Registration | D34: =IFERROR(__xludf.DUMMYFUNCTION("""COMPUTED_VALUE"""),"The email subject doesn't have an appropriate heading.") -> The email subject doesn't have an appropriate heading. | E34: =IFERROR(__xludf.DUMMYFUNCTION("""COMPUTED_VALUE"""),"User need to install the apk in their phone") -> User need to install the apk in their phone | F34: =IFERROR(__xludf.DUMMYFUNCTION("""COMPUTED_VALUE"""),"1. Open app 2. Click on Signup 3. Fillup necessary information and click next to get OTP") -> 1. Open app 2. Click on Signup 3. Fillup necessary information and click next to get OTP | G34: =IFERROR(__xludf.DUMMYFUNCTION("""COMPUTED_VALUE"""),"email : misak59277@foxroids.com pass : 123456abcdef") -> email : misak59277@foxroids.com pass : 123456abcdef | H34: =IFERROR(__xludf.DUMMYFUNCTION("""COMPUTED_VALUE"""),"Email subject name should be written properly") -> Email subject name should be written properly | I34: =IFERROR(__xludf.DUMMYFUNCTION("""COMPUTED_VALUE"""),"Simply state that an OTP has been received without specifying the reason for receiving it.") -> Simply state that an OTP has been received without specifying the reason for receiving it. | J34: =IFERROR(__xludf.DUMMYFUNCTION("""COMPUTED_VALUE"""),"Fail") -> Fail | K34: =IFERROR(__xludf.DUMMYFUNCTION("""COMPUTED_VALUE"""),"Medium") -> Medium | L34: =IFERROR(__xludf.DUMMYFUNCTION("""COMPUTED_VALUE"""),"https://drive.google.com/file/d/1VCzTvg_PIgpJa2oGxuA9W2J_oN9yPufZ/view?usp=drive_link") -> https://drive.google.com/file/d/1VCzTvg_PIgpJa2oGxuA9W2J_oN9yPufZ/view?usp=drive_link | M34: =IFERROR(__xludf.DUMMYFUNCTION("""COMPUTED_VALUE"""),"Mention it's VALR registration OTP code as OTP subject") -> Mention it's VALR registration OTP code as OTP subject | N34: =IFERROR(__xludf.DUMMYFUNCTION("""COMPUTED_VALUE"""),"Fahad") -> Fahad | O34: Solved
A35: BR-025 | B35: =IFERROR(__xludf.DUMMYFUNCTION("""COMPUTED_VALUE"""),"Registration") -> Registration | C35: =IFERROR(__xludf.DUMMYFUNCTION("""COMPUTED_VALUE"""),"Registration") -> Registration | D35: =IFERROR(__xludf.DUMMYFUNCTION("""COMPUTED_VALUE"""),"OTP submission error") -> OTP submission error | E35: =IFERROR(__xludf.DUMMYFUNCTION("""COMPUTED_VALUE"""),"User need to install the apk in their phone") -> User need to install the apk in their phone | F35: =IFERROR(__xludf.DUMMYFUNCTION("""COMPUTED_VALUE"""),"1. Open app 2. Click on Signup 3. Fillup necessary information and click next to get OTP") -> 1. Open app 2. Click on Signup 3. Fillup necessary information and click next to get OTP | G35: =IFERROR(__xludf.DUMMYFUNCTION("""COMPUTED_VALUE"""),"email : misak59277@foxroids.com pass : 123456abcdef") -> email : misak59277@foxroids.com pass : 123456abcdef | H35: =IFERROR(__xludf.DUMMYFUNCTION("""COMPUTED_VALUE"""),"user should be able to submit their OTP without any issue") -> user should be able to submit their OTP without any issue | I35: =IFERROR(__xludf.DUMMYFUNCTION("""COMPUTED_VALUE"""),"Failed to submit OTP , but user can submit it when they 2nd click on OTP box") -> Failed to submit OTP , but user can submit it when they 2nd click on OTP box | J35: =IFERROR(__xludf.DUMMYFUNCTION("""COMPUTED_VALUE"""),"Fail") -> Fail | K35: =IFERROR(__xludf.DUMMYFUNCTION("""COMPUTED_VALUE"""),"High") -> High | L35: =IFERROR(__xludf.DUMMYFUNCTION("""COMPUTED_VALUE"""),"https://drive.google.com/file/d/1000xgJujcIX7K8eQfPfwTdVThR6JRpqG/view?usp=drive_link") -> https://drive.google.com/file/d/1000xgJujcIX7K8eQfPfwTdVThR6JRpqG/view?usp=drive_link | M35: =IFERROR(__xludf.DUMMYFUNCTION("""COMPUTED_VALUE"""),"when click on one time, they can not submit it and after that, 2nd time click on OTP , user can write their OTP") -> when click on one time, they can not submit it and after that, 2nd time click on OTP , user can write their OTP | N35: =IFERROR(__xludf.DUMMYFUNCTION("""COMPUTED_VALUE"""),"Fahad") -> Fahad | O35: Solved
A36: BR-026 | B36: =IFERROR(__xludf.DUMMYFUNCTION("""COMPUTED_VALUE"""),"Registration") -> Registration | C36: =IFERROR(__xludf.DUMMYFUNCTION("""COMPUTED_VALUE"""),"Registration") -> Registration | D36: =IFERROR(__xludf.DUMMYFUNCTION("""COMPUTED_VALUE"""),"OTP expiration time is not added in the OTP page") -> OTP expiration time is not added in the OTP page | E36: =IFERROR(__xludf.DUMMYFUNCTION("""COMPUTED_VALUE"""),"User need to install the apk in their phone") -> User need to install the apk in their phone | F36: =IFERROR(__xludf.DUMMYFUNCTION("""COMPUTED_VALUE"""),"1. Open app 2. Click on Signup 3. Fillup necessary information and click next to get OTP") -> 1. Open app 2. Click on Signup 3. Fillup necessary information and click next to get OTP | G36: =IFERROR(__xludf.DUMMYFUNCTION("""COMPUTED_VALUE"""),"email : misak59277@foxroids.com pass : 123456abcdef") -> email : misak59277@foxroids.com pass : 123456abcdef | H36: =IFERROR(__xludf.DUMMYFUNCTION("""COMPUTED_VALUE"""),"OTP expiration count down time should be added in the OTP page") -> OTP expiration count down time should be added in the OTP page | I36: =IFERROR(__xludf.DUMMYFUNCTION("""COMPUTED_VALUE"""),"No countdown time has been noticed in the OTP page") -> No countdown time has been noticed in the OTP page | J36: =IFERROR(__xludf.DUMMYFUNCTION("""COMPUTED_VALUE"""),"Fail") -> Fail | K36: =IFERROR(__xludf.DUMMYFUNCTION("""COMPUTED_VALUE"""),"High") -> High | L36: =IFERROR(__xludf.DUMMYFUNCTION("""COMPUTED_VALUE"""),"https://drive.google.com/file/d/1gwFdvneV24O9Xekc1-CCCYnuBWBRji0n/view?usp=drive_link") -> https://drive.google.com/file/d/1gwFdvneV24O9Xekc1-CCCYnuBWBRji0n/view?usp=drive_link | N36: =IFERROR(__xludf.DUMMYFUNCTION("""COMPUTED_VALUE"""),"Fahad") -> Fahad | O36: Unsolved | P36: Backend
A37: BR-027 | B37: =IFERROR(__xludf.DUMMYFUNCTION("""COMPUTED_VALUE"""),"Registration") -> Registration | C37: =IFERROR(__xludf.DUMMYFUNCTION("""COMPUTED_VALUE"""),"Registration") -> Registration | D37: =IFERROR(__xludf.DUMMYFUNCTION("""COMPUTED_VALUE"""),"Overlay mixed aligned") -> Overlay mixed aligned | E37: =IFERROR(__xludf.DUMMYFUNCTION("""COMPUTED_VALUE"""),"User need to install the apk in their phone") -> User need to install the apk in their phone | F37: =IFERROR(__xludf.DUMMYFUNCTION("""COMPUTED_VALUE"""),"1. Open app 2. Click on Signup") -> 1. Open app 2. Click on Signup | G37: =IFERROR(__xludf.DUMMYFUNCTION("""COMPUTED_VALUE"""),"N/A") -> N/A | H37: =IFERROR(__xludf.DUMMYFUNCTION("""COMPUTED_VALUE"""),"No overlay should overlapped") -> No overlay should overlapped | I37: =IFERROR(__xludf.DUMMYFUNCTION("""COMPUTED_VALUE"""),"Overlapped has been noticed") -> Overlapped has been noticed | J37: =IFERROR(__xludf.DUMMYFUNCTION("""COMPUTED_VALUE"""),"Fail") -> Fail | K37: =IFERROR(__xludf.DUMMYFUNCTION("""COMPUTED_VALUE"""),"Low") -> Low | L37: =IFERROR(__xludf.DUMMYFUNCTION("""COMPUTED_VALUE"""),"https://drive.google.com/file/d/1k1Vdg_I-TyuwUJz23tc86AbiNzWi7dNw/view?usp=drive_link") -> https://drive.google.com/file/d/1k1Vdg_I-TyuwUJz23tc86AbiNzWi7dNw/view?usp=drive_link | N37: =IFERROR(__xludf.DUMMYFUNCTION("""COMPUTED_VALUE"""),"Fahad") -> Fahad
A38: BR-028 | B38: =IFERROR(__xludf.DUMMYFUNCTION("""COMPUTED_VALUE"""),"Registration") -> Registration | C38: =IFERROR(__xludf.DUMMYFUNCTION("""COMPUTED_VALUE"""),"Registration") -> Registration | D38: =IFERROR(__xludf.DUMMYFUNCTION("""COMPUTED_VALUE"""),"Strong password validation failed") -> Strong password validation failed | E38: =IFERROR(__xludf.DUMMYFUNCTION("""COMPUTED_VALUE"""),"User need to install the apk in their phone") -> User need to install the apk in their phone | F38: =IFERROR(__xludf.DUMMYFUNCTION("""COMPUTED_VALUE"""),"1. Open app 2. Click on Signup") -> 1. Open app 2. Click on Signup | G38: =IFERROR(__xludf.DUMMYFUNCTION("""COMPUTED_VALUE"""),"N/A") -> N/A | H38: =IFERROR(__xludf.DUMMYFUNCTION("""COMPUTED_VALUE"""),"Password should be validated and password indicator should be implemented") -> Password should be validated and password indicator should be implemented | I38: =IFERROR(__xludf.DUMMYFUNCTION("""COMPUTED_VALUE"""),"User can give poor level 8 characted password to create account") -> User can give poor level 8 characted password to create account | J38: =IFERROR(__xludf.DUMMYFUNCTION("""COMPUTED_VALUE"""),"Fail") -> Fail | K38: =IFERROR(__xludf.DUMMYFUNCTION("""COMPUTED_VALUE"""),"High") -> High | L38: =IFERROR(__xludf.DUMMYFUNCTION("""COMPUTED_VALUE"""),"https://drive.google.com/file/d/1tPoLrLk6gfDF0esxWgqf_pANwo7deJtS/view?usp=drive_link") -> https://drive.google.com/file/d/1tPoLrLk6gfDF0esxWgqf_pANwo7deJtS/view?usp=drive_link | N38: =IFERROR(__xludf.DUMMYFUNCTION("""COMPUTED_VALUE"""),"Fahad") -> Fahad
A39: BR-029 | B39: =IFERROR(__xludf.DUMMYFUNCTION("""COMPUTED_VALUE"""),"Registration") -> Registration | C39: =IFERROR(__xludf.DUMMYFUNCTION("""COMPUTED_VALUE"""),"Registration") -> Registration | D39: =IFERROR(__xludf.DUMMYFUNCTION("""COMPUTED_VALUE"""),"OTP digit can not be cancel when it is not fully inputed") -> OTP digit can not be cancel when it is not fully inputed | E39: =IFERROR(__xludf.DUMMYFUNCTION("""COMPUTED_VALUE"""),"User need to install the apk in their phone") -> User need to install the apk in their phone | F39: =IFERROR(__xludf.DUMMYFUNCTION("""COMPUTED_VALUE"""),"1. Open app 2. Click on Signup") -> 1. Open app 2. Click on Signup | G39: =IFERROR(__xludf.DUMMYFUNCTION("""COMPUTED_VALUE"""),"email : misak59277@foxroids.com pass : 123456abcdef") -> email : misak59277@foxroids.com pass : 123456abcdef | H39: =IFERROR(__xludf.DUMMYFUNCTION("""COMPUTED_VALUE"""),"Users can edit their incorrect OTP midway; they don't need to enter it completely again.") -> Users can edit their incorrect OTP midway; they don't need to enter it completely again. | I39: =IFERROR(__xludf.DUMMYFUNCTION("""COMPUTED_VALUE"""),"Unable to fix an incorrect OTP without fully entering it.") -> Unable to fix an incorrect OTP without fully entering it. | J39: =IFERROR(__xludf.DUMMYFUNCTION("""COMPUTED_VALUE"""),"Fail") -> Fail | K39: =IFERROR(__xludf.DUMMYFUNCTION("""COMPUTED_VALUE"""),"High") -> High | L39: =IFERROR(__xludf.DUMMYFUNCTION("""COMPUTED_VALUE"""),"https://drive.google.com/file/d/1YsR3cZ6babF8oE0BEzRWJcn7bFVOzL8-/view?usp=drive_link") -> https://drive.google.com/file/d/1YsR3cZ6babF8oE0BEzRWJcn7bFVOzL8-/view?usp=drive_link | N39: =IFERROR(__xludf.DUMMYFUNCTION("""COMPUTED_VALUE"""),"Fahad") -> Fahad
A40: BR-030 | B40: =IFERROR(__xludf.DUMMYFUNCTION("""COMPUTED_VALUE"""),"Registration") -> Registration | C40: =IFERROR(__xludf.DUMMYFUNCTION("""COMPUTED_VALUE"""),"Registration") -> Registration | D40: =IFERROR(__xludf.DUMMYFUNCTION("""COMPUTED_VALUE"""),"Validate that name field does not accept numbers or special characters") -> Validate that name field does not accept numbers or special characters | E40: =IFERROR(__xludf.DUMMYFUNCTION("""COMPUTED_VALUE"""),"User is on Registration screen") -> User is on Registration screen | F40: =IFERROR(__xludf.DUMMYFUNCTION("""COMPUTED_VALUE"""),"1) Open the app 2) Navigate to Registration page 3) Tap on Name field 4) Enter alphanumeric/special characters") -> 1) Open the app 2) Navigate to Registration page 3) Tap on Name field 4) Enter alphanumeric/special characters | G40: =IFERROR(__xludf.DUMMYFUNCTION("""COMPUTED_VALUE"""),"Name: 123 / John@#") -> Name: 123 / John@# | H40: =IFERROR(__xludf.DUMMYFUNCTION("""COMPUTED_VALUE"""),"The field should only allow alphabetic characters (A–Z, a–z) or Space and reject numbers or special characters") -> The field should only allow alphabetic characters (A–Z, a–z) or Space and reject numbers or special characters | I40: =IFERROR(__xludf.DUMMYFUNCTION("""COMPUTED_VALUE"""),"The field accepts numbers and special characters") -> The field accepts numbers and special characters | J40: =IFERROR(__xludf.DUMMYFUNCTION("""COMPUTED_VALUE"""),"Fail") -> Fail | K40: =IFERROR(__xludf.DUMMYFUNCTION("""COMPUTED_VALUE"""),"Medium") -> Medium | L40: =IFERROR(__xludf.DUMMYFUNCTION("""COMPUTED_VALUE"""),"Reg page.mp4") -> Reg page.mp4 | N40: =IFERROR(__xludf.DUMMYFUNCTION("""COMPUTED_VALUE"""),"Tahsin") -> Tahsin
A41: BR-031 | B41: =IFERROR(__xludf.DUMMYFUNCTION("""COMPUTED_VALUE"""),"Registration") -> Registration | C41: =IFERROR(__xludf.DUMMYFUNCTION("""COMPUTED_VALUE"""),"Registration") -> Registration | D41: =IFERROR(__xludf.DUMMYFUNCTION("""COMPUTED_VALUE"""),"Validate that password field enforces strong password rules") -> Validate that password field enforces strong password rules | E41: =IFERROR(__xludf.DUMMYFUNCTION("""COMPUTED_VALUE"""),"User is on Registration screen") -> User is on Registration screen | F41: =IFERROR(__xludf.DUMMYFUNCTION("""COMPUTED_VALUE"""),"1) Open the app 2) Navigate to Registration page 3) Tap on Password field 4) Enter password with only numbers like “12345678” 5) Attempt to submit the form") -> 1) Open the app 2) Navigate to Registration page 3) Tap on Password field 4) Enter password with only numbers like “12345678” 5) Attempt to submit the form | G41: =IFERROR(__xludf.DUMMYFUNCTION("""COMPUTED_VALUE"""),"Password: 12345678") -> Password: 12345678 | H41: =IFERROR(__xludf.DUMMYFUNCTION("""COMPUTED_VALUE"""),"The system should enforce strong password validation — requiring at least one uppercase letter, one number, and one special character (minimum 8 characters)") -> The system should enforce strong password validation — requiring at least one uppercase letter, one number, and one special character (minimum 8 characters) | I41: =IFERROR(__xludf.DUMMYFUNCTION("""COMPUTED_VALUE"""),"The field accepts weak passwords with only numbers (no uppercase, number, or special character)") -> The field accepts weak passwords with only numbers (no uppercase, number, or special character) | J41: =IFERROR(__xludf.DUMMYFUNCTION("""COMPUTED_VALUE"""),"Fail") -> Fail | K41: =IFERROR(__xludf.DUMMYFUNCTION("""COMPUTED_VALUE"""),"High") -> High | L41: =IFERROR(__xludf.DUMMYFUNCTION("""COMPUTED_VALUE"""),"Reg page.mp4") -> Reg page.mp4 | N41: =IFERROR(__xludf.DUMMYFUNCTION("""COMPUTED_VALUE"""),"Tahsin") -> Tahsin
A42: BR-032 | B42: =IFERROR(__xludf.DUMMYFUNCTION("""COMPUTED_VALUE"""),"Registration") -> Registration | C42: =IFERROR(__xludf.DUMMYFUNCTION("""COMPUTED_VALUE"""),"Registration") -> Registration | D42: =IFERROR(__xludf.DUMMYFUNCTION("""COMPUTED_VALUE"""),"Validate that password visibility toggle icon changes dynamically") -> Validate that password visibility toggle icon changes dynamically | E42: =IFERROR(__xludf.DUMMYFUNCTION("""COMPUTED_VALUE"""),"User is on Registration screen") -> User is on Registration screen | F42: =IFERROR(__xludf.DUMMYFUNCTION("""COMPUTED_VALUE"""),"1) Open the app 2) Navigate to Registration page 3) Tap on Password field 4) Tap on eye icon to toggle password visibility multiple times") -> 1) Open the app 2) Navigate to Registration page 3) Tap on Password field 4) Tap on eye icon to toggle password visibility multiple times | H42: =IFERROR(__xludf.DUMMYFUNCTION("""COMPUTED_VALUE"""),"The eye icon should change dynamically — show “open eye” when password is visible and “closed eye” when hidden") -> The eye icon should change dynamically — show “open eye” when password is visible and “closed eye” when hidden | I42: =IFERROR(__xludf.DUMMYFUNCTION("""COMPUTED_VALUE"""),"The icon remains the same (closed eye) regardless of visibility toggle") -> The icon remains the same (closed eye) regardless of visibility toggle | J42: =IFERROR(__xludf.DUMMYFUNCTION("""COMPUTED_VALUE"""),"Fail") -> Fail | K42: =IFERROR(__xludf.DUMMYFUNCTION("""COMPUTED_VALUE"""),"Low") -> Low | L42: =IFERROR(__xludf.DUMMYFUNCTION("""COMPUTED_VALUE"""),"https://jam.dev/c/6e192a78-56dc-4cd3-9d56-e6043e22abe0") -> https://jam.dev/c/6e192a78-56dc-4cd3-9d56-e6043e22abe0 | N42: =IFERROR(__xludf.DUMMYFUNCTION("""COMPUTED_VALUE"""),"Tahsin") -> Tahsin
A43: BR-033 | B43: =IFERROR(__xludf.DUMMYFUNCTION("""COMPUTED_VALUE"""),"Settings") -> Settings | C43: =IFERROR(__xludf.DUMMYFUNCTION("""COMPUTED_VALUE"""),"Subscription") -> Subscription | D43: =IFERROR(__xludf.DUMMYFUNCTION("""COMPUTED_VALUE"""),"Failed to show subscribe package in the subscription") -> Failed to show subscribe package in the subscription | E43: =IFERROR(__xludf.DUMMYFUNCTION("""COMPUTED_VALUE"""),"User need to install the apk in their phone") -> User need to install the apk in their phone | F43: =IFERROR(__xludf.DUMMYFUNCTION("""COMPUTED_VALUE"""),"1. Open app 2. Goto settings 3. Click on subscription") -> 1. Open app 2. Goto settings 3. Click on subscription | G43: =IFERROR(__xludf.DUMMYFUNCTION("""COMPUTED_VALUE"""),"email: deleri6454@haotuwu.com pass: 12345Abcdef@") -> email: deleri6454@haotuwu.com pass: 12345Abcdef@ | H43: =IFERROR(__xludf.DUMMYFUNCTION("""COMPUTED_VALUE"""),"User should be able to see which subscription they brought") -> User should be able to see which subscription they brought | I43: =IFERROR(__xludf.DUMMYFUNCTION("""COMPUTED_VALUE"""),"Failed to show the subscription package they brought") -> Failed to show the subscription package they brought | J43: =IFERROR(__xludf.DUMMYFUNCTION("""COMPUTED_VALUE"""),"Fail") -> Fail | K43: =IFERROR(__xludf.DUMMYFUNCTION("""COMPUTED_VALUE"""),"Medium") -> Medium | L43: =IFERROR(__xludf.DUMMYFUNCTION("""COMPUTED_VALUE"""),"https://drive.google.com/file/d/1zvVD-oA6FPcuc9CuLAuFOuljrY7H6i5M/view?usp=drive_link") -> https://drive.google.com/file/d/1zvVD-oA6FPcuc9CuLAuFOuljrY7H6i5M/view?usp=drive_link | N43: =IFERROR(__xludf.DUMMYFUNCTION("""COMPUTED_VALUE"""),"Fahad") -> Fahad
A44: BR-034 | B44: =IFERROR(__xludf.DUMMYFUNCTION("""COMPUTED_VALUE"""),"Subscription") -> Subscription | C44: =IFERROR(__xludf.DUMMYFUNCTION("""COMPUTED_VALUE"""),"Choose Your Plan") -> Choose Your Plan | D44: =IFERROR(__xludf.DUMMYFUNCTION("""COMPUTED_VALUE"""),"Failed to purchase plan") -> Failed to purchase plan | E44: =IFERROR(__xludf.DUMMYFUNCTION("""COMPUTED_VALUE"""),"User need to install the apk in their phone") -> User need to install the apk in their phone | F44: =IFERROR(__xludf.DUMMYFUNCTION("""COMPUTED_VALUE"""),"1. Open app 2. Signin using valid credentials 3. Click on Payment on $195 or $50") -> 1. Open app 2. Signin using valid credentials 3. Click on Payment on $195 or $50 | G44: =IFERROR(__xludf.DUMMYFUNCTION("""COMPUTED_VALUE"""),"email : misak59277@foxroids.com pass : 123456abcde") -> email : misak59277@foxroids.com pass : 123456abcde | H44: =IFERROR(__xludf.DUMMYFUNCTION("""COMPUTED_VALUE"""),"User should be able to clearly purchase a plan when click on one ") -> User should be able to clearly purchase a plan when click on one | I44: =IFERROR(__xludf.DUMMYFUNCTION("""COMPUTED_VALUE"""),"failed to purchase plan") -> failed to purchase plan | J44: =IFERROR(__xludf.DUMMYFUNCTION("""COMPUTED_VALUE"""),"Fail") -> Fail | K44: =IFERROR(__xludf.DUMMYFUNCTION("""COMPUTED_VALUE"""),"High") -> High | L44: =IFERROR(__xludf.DUMMYFUNCTION("""COMPUTED_VALUE"""),"https://drive.google.com/file/d/19HXqAZdbvpGy2VTUlpJDlRATviuo1WXW/view?usp=drive_link") -> https://drive.google.com/file/d/19HXqAZdbvpGy2VTUlpJDlRATviuo1WXW/view?usp=drive_link | N44: =IFERROR(__xludf.DUMMYFUNCTION("""COMPUTED_VALUE"""),"Fahad") -> Fahad
A45: BR-035 | B45: =IFERROR(__xludf.DUMMYFUNCTION("""COMPUTED_VALUE"""),"Subscription") -> Subscription | C45: =IFERROR(__xludf.DUMMYFUNCTION("""COMPUTED_VALUE"""),"Choose Your Plan") -> Choose Your Plan | D45: =IFERROR(__xludf.DUMMYFUNCTION("""COMPUTED_VALUE"""),"After purchasing a subscription, the page redirects to the subscription page.") -> After purchasing a subscription, the page redirects to the subscription page. | E45: =IFERROR(__xludf.DUMMYFUNCTION("""COMPUTED_VALUE"""),"User need to install the apk in their phone") -> User need to install the apk in their phone | F45: =IFERROR(__xludf.DUMMYFUNCTION("""COMPUTED_VALUE"""),"1. Open app 2. Signin using valid credentials 3. Click on Payment on $195 or $50") -> 1. Open app 2. Signin using valid credentials 3. Click on Payment on $195 or $50 | G45: =IFERROR(__xludf.DUMMYFUNCTION("""COMPUTED_VALUE"""),"email: deleri6454@haotuwu.com pass: 12345Abcdef@") -> email: deleri6454@haotuwu.com pass: 12345Abcdef@ | H45: =IFERROR(__xludf.DUMMYFUNCTION("""COMPUTED_VALUE"""),"After successfull purchase a plan, it should take to Home page") -> After successfull purchase a plan, it should take to Home page | I45: =IFERROR(__xludf.DUMMYFUNCTION("""COMPUTED_VALUE"""),"After successfully purchasing a plan, the page redirects back to the subscription page.") -> After successfully purchasing a plan, the page redirects back to the subscription page. | J45: =IFERROR(__xludf.DUMMYFUNCTION("""COMPUTED_VALUE"""),"Fail") -> Fail | K45: =IFERROR(__xludf.DUMMYFUNCTION("""COMPUTED_VALUE"""),"Low") -> Low | L45: =IFERROR(__xludf.DUMMYFUNCTION("""COMPUTED_VALUE"""),"https://drive.google.com/file/d/1RsEZyI--GutBT1nB1liFrTgH5LRcU8my/view?usp=drive_link") -> https://drive.google.com/file/d/1RsEZyI--GutBT1nB1liFrTgH5LRcU8my/view?usp=drive_link | N45: =IFERROR(__xludf.DUMMYFUNCTION("""COMPUTED_VALUE"""),"Fahad") -> Fahad
A46: BR-036 | B46: =IFERROR(__xludf.DUMMYFUNCTION("""COMPUTED_VALUE"""),"Subscription") -> Subscription | C46: =IFERROR(__xludf.DUMMYFUNCTION("""COMPUTED_VALUE"""),"Choose Your Plan") -> Choose Your Plan | D46: =IFERROR(__xludf.DUMMYFUNCTION("""COMPUTED_VALUE"""),"Validate that subscription completes successfully after entering valid card information") -> Validate that subscription completes successfully after entering valid card information | E46: =IFERROR(__xludf.DUMMYFUNCTION("""COMPUTED_VALUE"""),"User is on Choose Your Plan screen with stable internet connection") -> User is on Choose Your Plan screen with stable internet connection | F46: =IFERROR(__xludf.DUMMYFUNCTION("""COMPUTED_VALUE"""),"1) Open the app 2) Navigate to Choose Your Plan section 3) Select any plan 4) Enter valid card information 5) Tap on “Subscribe” button") -> 1) Open the app 2) Navigate to Choose Your Plan section 3) Select any plan 4) Enter valid card information 5) Tap on “Subscribe” button | H46: =IFERROR(__xludf.DUMMYFUNCTION("""COMPUTED_VALUE"""),"The subscription process should complete successfully within a few seconds and display a confirmation message") -> The subscription process should complete successfully within a few seconds and display a confirmation message | I46: =IFERROR(__xludf.DUMMYFUNCTION("""COMPUTED_VALUE"""),"The app takes around 3 minutes to respond and then shows an error message “HTTP Connection timeout”") -> The app takes around 3 minutes to respond and then shows an error message “HTTP Connection timeout” | J46: =IFERROR(__xludf.DUMMYFUNCTION("""COMPUTED_VALUE"""),"Fail") -> Fail | K46: =IFERROR(__xludf.DUMMYFUNCTION("""COMPUTED_VALUE"""),"High") -> High | L46: =IFERROR(__xludf.DUMMYFUNCTION("""COMPUTED_VALUE"""),"Screenshot_20251023_100007.jpg") -> Screenshot_20251023_100007.jpg | N46: =IFERROR(__xludf.DUMMYFUNCTION("""COMPUTED_VALUE"""),"Tahsin") -> Tahsin
A47: BR-037 | B47: =IFERROR(__xludf.DUMMYFUNCTION("""COMPUTED_VALUE"""),"Subscription") -> Subscription | C47: =IFERROR(__xludf.DUMMYFUNCTION("""COMPUTED_VALUE"""),"My Subscription") -> My Subscription | D47: =IFERROR(__xludf.DUMMYFUNCTION("""COMPUTED_VALUE"""),"Validate that correct subscription type duration is displayed after successful payment") -> Validate that correct subscription type duration is displayed after successful payment | E47: =IFERROR(__xludf.DUMMYFUNCTION("""COMPUTED_VALUE"""),"User has successfully subscribed for a 6-month plan ($195) and is logged in") -> User has successfully subscribed for a 6-month plan ($195) and is logged in | F47: =IFERROR(__xludf.DUMMYFUNCTION("""COMPUTED_VALUE"""),"1) Open the app 2) Navigate to Setting -> Subscription page 3) Observe the displayed subscription details (type, amount, expiry date)") -> 1) Open the app 2) Navigate to Setting -> Subscription page 3) Observe the displayed subscription details (type, amount, expiry date) | H47: =IFERROR(__xludf.DUMMYFUNCTION("""COMPUTED_VALUE"""),"The Subscription Type field should correctly display “6 Months” as per the purchased plan") -> The Subscription Type field should correctly display “6 Months” as per the purchased plan | I47: =IFERROR(__xludf.DUMMYFUNCTION("""COMPUTED_VALUE"""),"The Subscription Type field incorrectly shows “30 Days” instead of “6 Months”") -> The Subscription Type field incorrectly shows “30 Days” instead of “6 Months” | J47: =IFERROR(__xludf.DUMMYFUNCTION("""COMPUTED_VALUE"""),"Fail") -> Fail | K47: =IFERROR(__xludf.DUMMYFUNCTION("""COMPUTED_VALUE"""),"High") -> High | L47: =IFERROR(__xludf.DUMMYFUNCTION("""COMPUTED_VALUE"""),"https://jam.dev/c/eaf729ee-e9fd-42ab-bb08-a3c7f08ba41f") -> https://jam.dev/c/eaf729ee-e9fd-42ab-bb08-a3c7f08ba41f | N47: =IFERROR(__xludf.DUMMYFUNCTION("""COMPUTED_VALUE"""),"Tahsin") -> Tahsin

Sheet Fahad
A2: Tester : | B2: Mohammed Fahad Faisal | E2: Severity | F2: Issues
A3: Project Name: | B3: VALR | E3: High | F3: =COUNTIF(Fahad!K8:K1004, "High") -> 13
A4: Developer: | B4: AI-Hunters | E4: Medium | F4: =COUNTIF(Fahad!K8:K1005, "Medium") -> 5
A5: OS: | B5: Windows 11 Pro Version:24H2 OS build:26100.4946 | E5: Low | F5: =COUNTIF(Tahsin!K13:K1008, "Low") -> 1
A6: Environment: | B6: Redmi Note 14 Xiomi Hyper OS (2.0.205.0) Android Version 15 AP3A.240905.015.A2
A8: Test ID | B8: Module | C8: Sub Module | D8: Test Case Description | E8: Preconditions | F8: Test Steps | G8: Test Data | H8: Expected Result | I8: Actual Result | J8: Status | K8: Severity | L8: Screen Shots | M8: Suggestion | N8: Feedback
A9: TC_001 | B9: Registration | C9: Registration | D9: The password visibility icon is not dynamic; it remains fixed on a single option. | E9: User need to install the apk in their phone | F9: 1. Open app 2. Click on Signup | G9: N/A | H9: The password visibility icon should update accordingly. | I9: It's icon set to hide password option only | J9: Fail | K9: Low | L9: https://drive.google.com/file/d/1Sk1eaL56DxGmBcusnsAxmiA18ygmic_4/view?usp=drive_link
A11: TC_002 | B11: Registration | C11: Registration | D11: Email body contain user email not username | E11: User need to install the apk in their phone | F11: 1. Open app 2. Click on Signup | G11: email : misak59277@foxroids.com pass : 123456abcdef | H11: In the main body, the user's name should be written instead of mentioning their primary address. | I11: mentioning them by their email address | J11: Fail | K11: Medium | L11: https://drive.google.com/file/d/1gFAa4qdDuAUpQ4Sd-7yED0Otklc6UZam/view?usp=drive_link
A13: TC_003 | B13: Registration | C13: Registration | D13: The email subject doesn't have an appropriate heading. | E13: User need to install the apk in their phone | F13: 1. Open app 2. Click on Signup 3. Fillup necessary information and click next to get OTP | G13: email : misak59277@foxroids.com pass : 123456abcdef | H13: Email subject name should be written properly | I13: Simply state that an OTP has been received without specifying the reason for receiving it. | J13: Fail | K13: Medium | L13: https://drive.google.com/file/d/1VCzTvg_PIgpJa2oGxuA9W2J_oN9yPufZ/view?usp=drive_link | M13: Mention it's VALR registration OTP code as OTP subject
A15: TC_004 | B15: Registration | C15: Registration | D15: OTP submission error | E15: User need to install the apk in their phone | F15: 1. Open app 2. Click on Signup 3. Fillup necessary information and click next to get OTP | G15: email : misak59277@foxroids.com pass : 123456abcdef | H15: user should be able to submit their OTP without any issue | I15: Failed to submit OTP , but user can submit it when they 2nd click on OTP box | J15: Fail | K15: High | L15: https://drive.google.com/file/d/1000xgJujcIX7K8eQfPfwTdVThR6JRpqG/view?usp=drive_link | M15: when click on one time, they can not submit it and after that, 2nd time click on OTP , user can write their OTP
A17: TC_005 | B17: Registration | C17: Registration | D17: OTP expiration time is not added in the OTP page | E17: User need to install the apk in their phone | F17: 1. Open app 2. Click on Signup 3. Fillup necessary information and click next to get OTP | G17: email : misak59277@foxroids.com pass : 123456abcdef | H17: OTP expiration count down time should be added in the OTP page | I17: No countdown time has been noticed in the OTP page | J17: Fail | K17: High | L17: https://drive.google.com/file/d/1gwFdvneV24O9Xekc1-CCCYnuBWBRji0n/view?usp=drive_link
A19: TC_006 | B19: Registration | C19: Registration | D19: Overlay mixed aligned | E19: User need to install the apk in their phone | F19: 1. Open app 2. Click on Signup | G19: N/A | H19: No overlay should overlapped | I19: Overlapped has been noticed | J19: Fail | K19: Low | L19: https://drive.google.com/file/d/1k1Vdg_I-TyuwUJz23tc86AbiNzWi7dNw/view?usp=drive_link
A21: TC_007 | B21: Registration | C21: Registration | D21: Strong password validation failed | E21: User need to install the apk in their phone | F21: 1. Open app 2. Click on Signup | G21: N/A | H21: Password should be validated and password indicator should be implemented | I21: User can give poor level 8 characted password to create account | J21: Fail | K21: High | L21: https://drive.google.com/file/d/1tPoLrLk6gfDF0esxWgqf_pANwo7deJtS/view?usp=drive_link
A23: TC_008 | B23: Registration | C23: Registration | D23: OTP digit can not be cancel when it is not fully inputed | E23: User need to install the apk in their phone | F23: 1. Open app 2. Click on Signup | G23: email : misak59277@foxroids.com pass : 123456abcdef | H23: Users can edit their incorrect OTP midway; they don't need to enter it completely again. | I23: Unable to fix an incorrect OTP without fully entering it. | J23: Fail | K23: High | L23: https://drive.google.com/file/d/1YsR3cZ6babF8oE0BEzRWJcn7bFVOzL8-/view?usp=drive_link
A25: TC_009 | B25: Login | C25: Login | D25: Failed to login | E25: User need to install the apk in their phone | F25: 1. Open app 2. Click on SignIn | G25: email : misak59277@foxroids.com pass : 123456abcdef | H25: User can login to app without any issue | I25: Failed to login by valid credentials | J25: Fail | K25: High | L25: https://drive.google.com/file/d/1Ci9kFRKVy5VBTVboR0fy0ArvSwheuSvr/view?usp=drive_link | M25: User can login on 2nd attempt by those credentials but not in 1st attempt
A27: TC_010 | B27: Forget Password | C27: Forget Password | D27: OTP page failed to load | E27: User need to install the apk in their phone | F27: 1. Open app 2. Click on SignIn 3. Click on Forget Password | G27: email : misak59277@foxroids.com pass : 123456abcdef | H27: User should be able to navigate to the OTP page after entering their email and then click on "Send". | I27: Failed to load the OTP page, but the OTP was sent to the registered email. | J27: Fail | K27: High | L27: https://drive.google.com/file/d/1VESCJdD9F7mHvgbacoa6uvf8QUV8dCcm/view?usp=drive_link
A29: TC_011 | B29: Subscription | C29: Choose Your Plan | D29: Failed to purchase plan | E29: User need to install the apk in their phone | F29: 1. Open app 2. Signin using valid credentials 3. Click on Payment on $195 or $50 | G29: email : misak59277@foxroids.com pass : 123456abcde | H29: User should be able to clearly purchase a plan when click on one | I29: failed to purchase plan | J29: Fail | K29: High | L29: https://drive.google.com/file/d/19HXqAZdbvpGy2VTUlpJDlRATviuo1WXW/view?usp=drive_link
A31: TC_012 | B31: Profile | C31: Profile | D31: Profile picture automatically set. | E31: User need to install the apk in their phone | F31: 1. Open app 2. Signin using valid credentials 3. Goto Profile | G31: email : misak59277@foxroids.com pass : 123456abcde | H31: A blank image should be displayed on the profile when a user creates a new account. | I31: An automatic profile picture has been noticed, and it seems appropriate. | J31: Fail | K31: Medium | L31: https://drive.google.com/file/d/1lRM5FYW3Up-I7mwXq0VUVC6GF27kAvrp/view?usp=drive_link
A33: TC_013 | B33: Profile | C33: Profile | D33: Failed to update form information | E33: User need to install the apk in their phone | F33: 1. Open app 2. Signin using valid credentials 3. Goto Profile | G33: email : misak59277@foxroids.com pass : 123456abcde | H33: Users should be able to update their profiles without any issues. | I33: An error from the backend has been noticed while updating profile information. | J33: Fail | K33: High | L33: https://drive.google.com/file/d/1iP_bJ1pY2S2ztNFaUdlBMzO6pivTYK31/view?usp=drive_link
A35: TC_014 | B35: Mental Health | C35: Mental Health | D35: Page flow missing | E35: User need to install the apk in their phone | F35: 1. Open app 2. Signin using valid credentials 3. Subscribe and click on claim 4. Fill form with necessary information | G35: email : misak59277@foxroids.com pass : 123456abcde | H35: After submitting all the questions, then by clicking on continue, body health question should appear | I35: Failed to load body health questions | J35: Fail | K35: High | L35: https://drive.google.com/file/d/1ql7xDdzIV0kFcbZyo_zAFJHrA8RN74KL/view?usp=drive_link
A37: TC_015 | B37: Claim Form | C37: Claim Form | D37: Darft is not functioning properly | E37: User need to install the apk in their phone | F37: 1. Open app 2. Signin using valid credentials 3. Subscribe and click on claim 4. Fill form with necessary information | G37: email : misak59277@foxroids.com pass : 123456abcde | H37: The draft system should be implemented in its complete form. | I37: Only the data from the first 7 pages can be saved as a draft, while the remaining data is not stored correctly. | J37: Fail | K37: High | L37: https://drive.google.com/file/d/1hfjRYWtx56grOZvxa7Mk-osFuIBctrwV/view?usp=drive_link
A39: TC_016 | B39: Subscription | C39: Choose Your Plan | D39: After purchasing a subscription, the page redirects to the subscription page. | E39: User need to install the apk in their phone | F39: 1. Open app 2. Signin using valid credentials 3. Click on Payment on $195 or $50 | G39: email: deleri6454@haotuwu.com pass: 12345Abcdef@ | H39: After successfull purchase a plan, it should take to Home page | I39: After successfully purchasing a plan, the page redirects back to the subscription page. | J39: Fail | K39: Low | L39: https://drive.google.com/file/d/1RsEZyI--GutBT1nB1liFrTgH5LRcU8my/view?usp=drive_link
A41: TC_017 | B41: Profile | C41: Profile | D41: Failed to update profile picture | E41: User need to install the apk in their phone | F41: 1. Open app 2. Goto profile 3. Select image for profile picture | G41: email: deleri6454@haotuwu.com pass: 12345Abcdef@ | H41: User should be able to update their profile picture | I41: Failed to update profile picture | J41: Fail | K41: High | L41: https://drive.google.com/file/d/1VIQjtXn7Qea_bnKM9izsTzcAZ6p8l3Dy/view?usp=drive_link
A43: TC_018 | B43: Settings | C43: Subscription | D43: Failed to show subscribe package in the subscription | E43: User need to install the apk in their phone | F43: 1. Open app 2. Goto settings 3. Click on subscription | G43: email: deleri6454@haotuwu.com pass: 12345Abcdef@ | H43: User should be able to see which subscription they brought | I43: Failed to show the subscription package they brought | J43: Fail | K43: Medium | L43: https://drive.google.com/file/d/1zvVD-oA6FPcuc9CuLAuFOuljrY7H6i5M/view?usp=drive_link
A45: TC_019 | B45: Contact us | C45: Support | D45: Missing back button in the contact us page | E45: User need to install the apk in their phone | F45: 1. Open app 2. Goto settings 3. Click on contact us | G45: email: deleri6454@haotuwu.com pass: 12345Abcdef@ | H45: After getting support, user should be able to use back button to go previous page or home page | I45: Failed to back due to missing back button | J45: Fail | K45: Low | L45: https://drive.google.com/file/d/105rCPxfDdEAZ02Qnw84gjSIzklP4lRzM/view?usp=drive_link
A47: TC_020 | B47: Narration | C47: Narration | D47: Data mismatch | E47: User need to install the apk in their phone | F47: 1. Open app 2. Purchase subscription 3. Click on Claim now 4. Fillup form | G47: email: deleri6454@haotuwu.com pass: 12345Abcdef@ | H47: Data should be accurate in the naration which was fetch from the form record | I47: Data overwrite has been noticed. | J47: Fail | K47: High | L47: https://drive.google.com/file/d/1ZPInnDyIXdDRacW3cZSTPQcngwBsqERk/view?usp=drive_link | M47: A rank might change during the service year.
A49: TC_021 | B49: Narration | C49: Narration | D49: Data missing in the narration | E49: User need to install the apk in their phone | F49: 1. Open app 2. Purchase subscription 3. Click on Claim now 4. Fillup form | G49: email: deleri6454@haotuwu.com pass: 12345Abcdef@ | H49: All the data in the narration should match the form data. | I49: Some information is missing from the narration. | J49: Fail | K49: High | L49: https://drive.google.com/file/d/1T_ykRfbG70t1AaluRRxZf4OUtwAiIUBu/view?usp=drive_link
A51: TC_022 | B51: Generated PDF | C51: Generated PDF | D51: Unable to display the submitted date. | E51: User need to install the apk in their phone | F51: 1. Open app 2. Purchase subscription 3. Click on Claim now 4. Fillup form | G51: email: deleri6454@haotuwu.com pass: 12345Abcdef@ | H51: The submission data should appear in the form after it is generated. | I51: The generated PDF date is missing in the submission form. | J51: Fail | K51: Medium | L51: https://drive.google.com/file/d/10Em3R92lXlh1lD6g-j9jvDq9BroejUmg/view?usp=drive_link
A53: TC_023
A55: TC_024
A57: TC_025
A59: TC_026
A61: TC_027
A63: TC_028
A65: TC_029

Sheet Tahsin
A2: Tester : | D2: Severity | E2: Issues
A3: Project Name: | D3: High | E3: =COUNTIF(K14:K1005, "High") -> 7
A4: Project URL: | D4: Medium | E4: =COUNTIF(K14:K1006, "Medium") -> 7
A5: Developer: | D5: Low | E5: =COUNTIF(K14:K1007, "Low") -> 1
A6: OS:
A7: Environment | D7: Total Test Cases: | E7: =SUM(E3:E5) -> 15
D8: Test Case Solved :
A14: Test Case ID | B14: Module | C14: Sub Module | D14: Test Case Description | E14: Preconditions | F14: Test Steps | G14: Test Data | H14: Expected Result | I14: Actual Result | J14: Status | K14: Severity | L14: Screen Shots | M14: Suggestion | N14: Feedback
A15: TC_001 | B15: Registration | C15: Registration | D15: Validate that name field does not accept numbers or special characters | E15: User is on Registration screen | F15: 1) Open the app 2) Navigate to Registration page 3) Tap on Name field 4) Enter alphanumeric/special characters | G15: Name: 123 / John@# | H15: The field should only allow alphabetic characters (A–Z, a–z) or Space and reject numbers or special characters | I15: The field accepts numbers and special characters | J15: Fail | K15: Medium | L15: Reg page.mp4
A16: TC_002 | B16: Registration | C16: Registration | D16: Validate that password field enforces strong password rules | E16: User is on Registration screen | F16: 1) Open the app 2) Navigate to Registration page 3) Tap on Password field 4) Enter password with only numbers like “12345678” 5) Attempt to submit the form | G16: Password: 12345678 | H16: The system should enforce strong password validation — requiring at least one uppercase letter, one number, and one special character (minimum 8 characters) | I16: The field accepts weak passwords with only numbers (no uppercase, number, or special character) | J16: Fail | K16: High | L16: Reg page.mp4
A17: TC_003 | B17: Registration | C17: Registration | D17: Validate that password visibility toggle icon changes dynamically | E17: User is on Registration screen | F17: 1) Open the app 2) Navigate to Registration page 3) Tap on Password field 4) Tap on eye icon to toggle password visibility multiple times | H17: The eye icon should change dynamically — show “open eye” when password is visible and “closed eye” when hidden | I17: The icon remains the same (closed eye) regardless of visibility toggle | J17: Fail | K17: Low | L17: https://jam.dev/c/6e192a78-56dc-4cd3-9d56-e6043e22abe0
A18: TC_004 | B18: Home Page | C18: Menu Button | D18: Validate that menu button labels are fully visible in 3-button navigation mode | E18: User is on Home screen with device set to 3-button navigation mode | F18: 1) Open the app 2) Ensure system navigation mode is set to 3-button navigation 3) Observe menu button labels at the bottom of the home screen | G18: N/A | H18: Menu button labels should be fully visible and not cut off regardless of navigation mode | I18: Menu button labels appear cut off or partially hidden in 3-button navigation mode | J18: Fail | K18: Medium | L18: https://jam.dev/c/2a594fde-28d0-4558-b2f6-62229c282228
A19: TC_005 | B19: Home Page | C19: FAQ Section | D19: Validate that FAQ section is displayed on the Home page | E19: User is on Home screen with app successfully loaded | F19: 1) Open the app 2) Navigate to Home page 3) Scroll through the page and look for the FAQ section | G19: N/A | H19: FAQ section should be visible and accessible from the Home page | I19: The FAQ section is missing from the Home page | J19: Fail | K19: Medium
A20: TC_006 | B20: Subscription | C20: Choose Your Plan | D20: Validate that subscription completes successfully after entering valid card information | E20: User is on Choose Your Plan screen with stable internet connection | F20: 1) Open the app 2) Navigate to Choose Your Plan section 3) Select any plan 4) Enter valid card information 5) Tap on “Subscribe” button | H20: The subscription process should complete successfully within a few seconds and display a confirmation message | I20: The app takes around 3 minutes to respond and then shows an error message “HTTP Connection timeout” | J20: Fail | K20: High | L20: Screenshot_20251023_100007.jpg
A21: TC_007 | B21: Message | C21: Message Prifile Image | D21: Validate that updated profile image is displayed in chat section | E21: User has already updated profile image successfully (visible in Profile section) | F21: 1) Open the app 2) Update profile image in Profile section (if not already) 3) Navigate to Chat page 4) Observe the displayed user image in chat messages | H21: The chat page should display the user’s updated profile image instead of the default image | I21: The chat page still shows the default image even after updating the profile picture | J21: Fail | K21: Medium | L21: image in profile.jpg image in chat.jpg
A22: TC_008 | B22: Claim Now | C22: First Page | D22: Validate that the Back button functions correctly on “Have you ever applied for VA benefits” page | E22: Paid user is logged in and on the “Have you ever applied for VA benefits” page under Claim Now section | F22: 1) Open the app 2) Log in as a paid user 3) Navigate to Claim Now section 4) Proceed to “Have you ever applied for VA benefits” page 5) Tap on the Back button | G22: N/A | H22: User should be navigated to the previous page when tapping the Back button | I22: Back button is unresponsive and does not navigate to the previous page | J22: Fail | K22: High | L22: Claim Now Back Button.mp4
A23: TC_009 | B23: Profile | C23: Edit Profile | D23: Validate that phone number field accepts only numeric input | E23: User is logged in and on Edit Profile screen | F23: 1) Open the app 2) Navigate to Profile section 3) Tap on Edit Profile 4) Tap on Phone Number field 5) Enter alphabets or special characters like “abc@#” | G23: Phone Number: abc@# | H23: The field should accept only numeric values (0–9) and reject alphabets or special characters | I23: The field accepts characters and special symbols instead of restricting to numeric input | J23: Fail | K23: Medium | L23: Phone number.mp4
A24: TC_010 | B24: Message | C24: Page | D24: Validate that AI assistant responds properly in chat section | E24: User is logged in and on Chat page with stable internet connection | F24: 1) Open the app 2) Navigate to Chat page 3) Type a message to the AI assistant 4) Wait for a response | G24: Message: “Hello” | H24: The AI assistant should respond promptly with a relevant reply indicating it’s an automated AI system | I24: The chat shows no response or confusion whether it’s an AI or Admin panel | J24: Fail | K24: High | L24: message respone.jpg
A25: TC_011 | B25: Subscription | C25: My Subscription | D25: Validate that correct subscription type duration is displayed after successful payment | E25: User has successfully subscribed for a 6-month plan ($195) and is logged in | F25: 1) Open the app 2) Navigate to Setting -> Subscription page 3) Observe the displayed subscription details (type, amount, expiry date) | H25: The Subscription Type field should correctly display “6 Months” as per the purchased plan | I25: The Subscription Type field incorrectly shows “30 Days” instead of “6 Months” | J25: Fail | K25: High | L25: https://jam.dev/c/eaf729ee-e9fd-42ab-bb08-a3c7f08ba41f
A26: TC_012 | B26: Claim | C26: Accessibility (Screen Reader) | D26: Verify Screen Reader stops reading when the user navigates back from the 'Claim' flow. | E26: User is logged in to the Valr application. | F26: 1) Tap the 'Claim' button to initiate the flow. 2) While the screen reader is actively speaking, tap the **Back** button (device or in-app). | G26: N/A (Functional Test) | H26: The screen reader/TalkBack readout **must stop immediately** upon navigating away from the 'Claim' screen. | I26: The screen reader continues to read the entire question/text until the portion is ended, even after navigating back. | J26: Fail | K26: High | L26: Sound .mp4
A27: TC_013 | B27: Narrative Page | C27: Text Editor/Edit Narrative | D27: Verify cursor positioning via tap/click works correctly in the Narrative Edit screen. | E27: A narrative has been successfully generated. | F27: 1. Navigate to the generated narrative screen. 2. Tap the 'Edit' icon (or button) to enter the editing mode. 3. Tap on a word of the narrative text. | H27: Upon tapping any word in the narrative text, the cursor should instantly move to the tapped position, allowing for immediate text insertion or deletion. | I27: The cursor does not move to the tapped word; the user must manually scroll/slide the cursor using the pointer control handles to reach the desired word. | J27: Fail | K27: Medium | L27: cursor issue.mp4
A28: TC_014 | B28: Narrative Page | C28: Iconography/Functionality | D28: Verify the icon used for 'Copy Text' accurately reflects its clipboard functionality. | E28: A narrative has been successfully generated. | F28: 1. Tap the icon (currently a 'Download' icon). | G28: N/A (Functional/UI Test) | H28: The icon displayed should be a standard 'Copy' icon instead of a 'Download' icon. | I28: The page uses a 'Download' icon to initiate the 'Copy Text' function, leading to user confusion. | J28: Fail | K28: Medium | L28: copy test.mp4
A29: TC_015 | B29: Claim/Narrative | C29: Session Management | D29: Verify that generated narratives and intermediate claim data are saved and persist across application restarts. | E29: A narrative has been successfully generated and then Reopen the Apps | F29: 1. Complete the claim process, ending with the Narrative Generation screen. 2. Close the Valr application. 3. Re-open the Valr application. 4. Navigate back to the 'Claim' section/flow. | G29: N/A (Data Persistence Test) | H29: The application should resume the claim process from the point where the narrative was generated, or the generated narrative should be viewable in a 'Drafts' or 'History' section. **All previously entered information must be retained.** | I29: Upon re-opening the application and navigating back to the Claim section, the process starts from the beginning, and all previously entered information and the generated narrative are lost. | J29: Fail | K29: High
A30: TC_016
A31: TC_017
A32: TC_018
A33: TC_019
A34: TC_020
A35: TC_021
A36: TC_022
A37: TC_023
A38: TC_024
A39: TC_025
A40: TC_026

Sheet Summary Report
A1: Module | B1: Sub Module | C1: Test Case ID | D1: Bug Count | E1: Bug Rate % | F1: Bug Severity
A2: =IFERROR(__xludf.DUMMYFUNCTION("SORT( SPLIT( UNIQUE( FILTER('Main Report'!B11:B100 & ""♦"" & 'Main Report'!C11:C100, LEN('Main Report'!C11:C100)) ), ""♦"" ), 1, TRUE, 2, TRUE ) "),"Claim") -> Claim | B2: =IFERROR(__xludf.DUMMYFUNCTION("""COMPUTED_VALUE"""),"Accessibility (Screen Reader)") -> Accessibility (Screen Reader) | C2: =IFERROR(__xludf.DUMMYFUNCTION("TEXTJOIN("", "", TRUE, FILTER('Main Report'!A11:A100, ('Main Report'!B11:B100=A2) * ('Main Report'!C11:C100=B2) ) ) "),"BR-001") -> BR-001 | D2: =IFERROR(__xludf.DUMMYFUNCTION("COUNTA(UNIQUE(TRANSPOSE(SPLIT(C2, "", "")))) "),1.0) -> 1 | E2: =IF(D2="", "", TEXT((D2 / 'Main Report'!$E$7), "0.00%")) -> 2.70% | F2: =IFERROR(__xludf.DUMMYFUNCTION("IF(C2="""", """", TEXTJOIN("", "", TRUE, ""High: "" & COUNTIF(FILTER('Main Report'!K11:K100, ISNUMBER(MATCH('Main Report'!A11:A100, SPLIT(C2, "", ""), 0))), ""High"") & CHAR(10) & ""Medium: "" & COUNTIF(FILTER('Main Report'!K11:K100, ISNU"&"MBER(MATCH('Main Report'!A11:A100, SPLIT(C2, "", ""), 0))), ""Medium"") & CHAR(10) & ""Low: "" & COUNTIF(FILTER('Main Report'!K11:K100, ISNUMBER(MATCH('Main Report'!A11:A100, SPLIT(C2, "", ""), 0))), ""Low"") ) ) "),"High: 1 Medium: 0 Low: 0") -> High: 1 Medium: 0 Low: 0
A3: =IFERROR(__xludf.DUMMYFUNCTION("""COMPUTED_VALUE"""),"Claim Form") -> Claim Form | B3: =IFERROR(__xludf.DUMMYFUNCTION("""COMPUTED_VALUE"""),"Claim Form") -> Claim Form | C3: =IFERROR(__xludf.DUMMYFUNCTION("TEXTJOIN("", "", TRUE, FILTER('Main Report'!A12:A101, ('Main Report'!B12:B101=A3) * ('Main Report'!C12:C101=B3) ) ) "),"BR-002") -> BR-002 | D3: =IFERROR(__xludf.DUMMYFUNCTION("COUNTA(UNIQUE(TRANSPOSE(SPLIT(C3, "", "")))) "),1.0) -> 1 | E3: =IF(D3="", "", TEXT((D3 / 'Main Report'!$E$7), "0.00%")) -> 2.70% | F3: =IFERROR(__xludf.DUMMYFUNCTION("IF(C3="""", """", TEXTJOIN("", "", TRUE, ""High: "" & COUNTIF(FILTER('Main Report'!K12:K101, ISNUMBER(MATCH('Main Report'!A12:A101, SPLIT(C3, "", ""), 0))), ""High"") & CHAR(10) & ""Medium: "" & COUNTIF(FILTER('Main Report'!K12:K101, ISNU"&"MBER(MATCH('Main Report'!A12:A101, SPLIT(C3, "", ""), 0))), ""Medium"") & CHAR(10) & ""Low: "" & COUNTIF(FILTER('Main Report'!K12:K101, ISNUMBER(MATCH('Main Report'!A12:A101, SPLIT(C3, "", ""), 0))), ""Low"") ) ) "),"High: 1 Medium: 0 Low: 0") -> High: 1 Medium: 0 Low: 0
A4: =IFERROR(__xludf.DUMMYFUNCTION("""COMPUTED_VALUE"""),"Claim Now") -> Claim Now | B4: =IFERROR(__xludf.DUMMYFUNCTION("""COMPUTED_VALUE"""),"First Page") -> First Page | C4: =IFERROR(__xludf.DUMMYFUNCTION("TEXTJOIN("", "", TRUE, FILTER('Main Report'!A13:A102, ('Main Report'!B13:B102=A4) * ('Main Report'!C13:C102=B4) ) ) "),"BR-003") -> BR-003 | D4: =IFERROR(__xludf.DUMMYFUNCTION("COUNTA(UNIQUE(TRANSPOSE(SPLIT(C4, "", "")))) "),1.0) -> 1 | E4: =IF(D4="", "", TEXT((D4 / 'Main Report'!$E$7), "0.00%")) -> 2.70% | F4: =IFERROR(__xludf.DUMMYFUNCTION("IF(C4="""", """", TEXTJOIN("", "", TRUE, ""High: "" & COUNTIF(FILTER('Main Report'!K13:K102, ISNUMBER(MATCH('Main Report'!A13:A102, SPLIT(C4, "", ""), 0))), ""High"") & CHAR(10) & ""Medium: "" & COUNTIF(FILTER('Main Report'!K13:K102, ISNU"&"MBER(MATCH('Main Report'!A13:A102, SPLIT(C4, "", ""), 0))), ""Medium"") & CHAR(10) & ""Low: "" & COUNTIF(FILTER('Main Report'!K13:K102, ISNUMBER(MATCH('Main Report'!A13:A102, SPLIT(C4, "", ""), 0))), ""Low"") ) ) "),"High: 1 Medium: 0 Low: 0") -> High: 1 Medium: 0 Low: 0
A5: =IFERROR(__xludf.DUMMYFUNCTION("""COMPUTED_VALUE"""),"Claim/Narrative") -> Claim/Narrative | B5: =IFERROR(__xludf.DUMMYFUNCTION("""COMPUTED_VALUE"""),"Session Management") -> Session Management | C5: =IFERROR(__xludf.DUMMYFUNCTION("TEXTJOIN("", "", TRUE, FILTER('Main Report'!A14:A103, ('Main Report'!B14:B103=A5) * ('Main Report'!C14:C103=B5) ) ) "),"BR-004") -> BR-004 | D5: =IFERROR(__xludf.DUMMYFUNCTION("COUNTA(UNIQUE(TRANSPOSE(SPLIT(C5, "", "")))) "),1.0) -> 1 | E5: =IF(D5="", "", TEXT((D5 / 'Main Report'!$E$7), "0.00%")) -> 2.70% | F5: =IFERROR(__xludf.DUMMYFUNCTION("IF(C5="""", """", TEXTJOIN("", "", TRUE, ""High: "" & COUNTIF(FILTER('Main Report'!K14:K103, ISNUMBER(MATCH('Main Report'!A14:A103, SPLIT(C5, "", ""), 0))), ""High"") & CHAR(10) & ""Medium: "" & COUNTIF(FILTER('Main Report'!K14:K103, ISNU"&"MBER(MATCH('Main Report'!A14:A103, SPLIT(C5, "", ""), 0))), ""Medium"") & CHAR(10) & ""Low: "" & COUNTIF(FILTER('Main Report'!K14:K103, ISNUMBER(MATCH('Main Report'!A14:A103, SPLIT(C5, "", ""), 0))), ""Low"") ) ) "),"High: 1 Medium: 0 Low: 0") -> High: 1 Medium: 0 Low: 0
A6: =IFERROR(__xludf.DUMMYFUNCTION("""COMPUTED_VALUE"""),"Contact us") -> Contact us | B6: =IFERROR(__xludf.DUMMYFUNCTION("""COMPUTED_VALUE"""),"Support") -> Support | C6: =IFERROR(__xludf.DUMMYFUNCTION("TEXTJOIN("", "", TRUE, FILTER('Main Report'!A15:A104, ('Main Report'!B15:B104=A6) * ('Main Report'!C15:C104=B6) ) ) "),"BR-005") -> BR-005 | D6: =IFERROR(__xludf.DUMMYFUNCTION("COUNTA(UNIQUE(TRANSPOSE(SPLIT(C6, "", "")))) "),1.0) -> 1 | E6: =IF(D6="", "", TEXT((D6 / 'Main Report'!$E$7), "0.00%")) -> 2.70% | F6: =IFERROR(__xludf.DUMMYFUNCTION("IF(C6="""", """", TEXTJOIN("", "", TRUE, ""High: "" & COUNTIF(FILTER('Main Report'!K15:K104, ISNUMBER(MATCH('Main Report'!A15:A104, SPLIT(C6, "", ""), 0))), ""High"") & CHAR(10) & ""Medium: "" & COUNTIF(FILTER('Main Report'!K15:K104, ISNU"&"MBER(MATCH('Main Report'!A15:A104, SPLIT(C6, "", ""), 0))), ""Medium"") & CHAR(10) & ""Low: "" & COUNTIF(FILTER('Main Report'!K15:K104, ISNUMBER(MATCH('Main Report'!A15:A104, SPLIT(C6, "", ""), 0))), ""Low"") ) ) "),"High: 0 Medium: 0 Low: 1") -> High: 0 Medium: 0 Low: 1
A7: =IFERROR(__xludf.DUMMYFUNCTION("""COMPUTED_VALUE"""),"Forget Password") -> Forget Password | B7: =IFERROR(__xludf.DUMMYFUNCTION("""COMPUTED_VALUE"""),"Forget Password") -> Forget Password | C7: =IFERROR(__xludf.DUMMYFUNCTION("TEXTJOIN("", "", TRUE, FILTER('Main Report'!A16:A105, ('Main Report'!B16:B105=A7) * ('Main Report'!C16:C105=B7) ) ) "),"BR-006") -> BR-006 | D7: =IFERROR(__xludf.DUMMYFUNCTION("COUNTA(UNIQUE(TRANSPOSE(SPLIT(C7, "", "")))) "),1.0) -> 1 | E7: =IF(D7="", "", TEXT((D7 / 'Main Report'!$E$7), "0.00%")) -> 2.70% | F7: =IFERROR(__xludf.DUMMYFUNCTION("IF(C7="""", """", TEXTJOIN("", "", TRUE, ""High: "" & COUNTIF(FILTER('Main Report'!K16:K105, ISNUMBER(MATCH('Main Report'!A16:A105, SPLIT(C7, "", ""), 0))), ""High"") & CHAR(10) & ""Medium: "" & COUNTIF(FILTER('Main Report'!K16:K105, ISNU"&"MBER(MATCH('Main Report'!A16:A105, SPLIT(C7, "", ""), 0))), ""Medium"") & CHAR(10) & ""Low: "" & COUNTIF(FILTER('Main Report'!K16:K105, ISNUMBER(MATCH('Main Report'!A16:A105, SPLIT(C7, "", ""), 0))), ""Low"") ) ) "),"High: 1 Medium: 0 Low: 0") -> High: 1 Medium: 0 Low: 0
A8: =IFERROR(__xludf.DUMMYFUNCTION("""COMPUTED_VALUE"""),"Generated PDF") -> Generated PDF | B8: =IFERROR(__xludf.DUMMYFUNCTION("""COMPUTED_VALUE"""),"Generated PDF") -> Generated PDF | C8: =IFERROR(__xludf.DUMMYFUNCTION("TEXTJOIN("", "", TRUE, FILTER('Main Report'!A17:A106, ('Main Report'!B17:B106=A8) * ('Main Report'!C17:C106=B8) ) ) "),"BR-007") -> BR-007 | D8: =IFERROR(__xludf.DUMMYFUNCTION("COUNTA(UNIQUE(TRANSPOSE(SPLIT(C8, "", "")))) "),1.0) -> 1 | E8: =IF(D8="", "", TEXT((D8 / 'Main Report'!$E$7), "0.00%")) -> 2.70% | F8: =IFERROR(__xludf.DUMMYFUNCTION("IF(C8="""", """", TEXTJOIN("", "", TRUE, ""High: "" & COUNTIF(FILTER('Main Report'!K17:K106, ISNUMBER(MATCH('Main Report'!A17:A106, SPLIT(C8, "", ""), 0))), ""High"") & CHAR(10) & ""Medium: "" & COUNTIF(FILTER('Main Report'!K17:K106, ISNU"&"MBER(MATCH('Main Report'!A17:A106, SPLIT(C8, "", ""), 0))), ""Medium"") & CHAR(10) & ""Low: "" & COUNTIF(FILTER('Main Report'!K17:K106, ISNUMBER(MATCH('Main Report'!A17:A106, SPLIT(C8, "", ""), 0))), ""Low"") ) ) "),"High: 0 Medium: 1 Low: 0") -> High: 0 Medium: 1 Low: 0
A9: =IFERROR(__xludf.DUMMYFUNCTION("""COMPUTED_VALUE"""),"Home Page") -> Home Page | B9: =IFERROR(__xludf.DUMMYFUNCTION("""COMPUTED_VALUE"""),"FAQ Section") -> FAQ Section | C9: =IFERROR(__xludf.DUMMYFUNCTION("TEXTJOIN("", "", TRUE, FILTER('Main Report'!A18:A107, ('Main Report'!B18:B107=A9) * ('Main Report'!C18:C107=B9) ) ) "),"BR-008") -> BR-008 | D9: =IFERROR(__xludf.DUMMYFUNCTION("COUNTA(UNIQUE(TRANSPOSE(SPLIT(C9, "", "")))) "),1.0) -> 1 | E9: =IF(D9="", "", TEXT((D9 / 'Main Report'!$E$7), "0.00%")) -> 2.70% | F9: =IFERROR(__xludf.DUMMYFUNCTION("IF(C9="""", """", TEXTJOIN("", "", TRUE, ""High: "" & COUNTIF(FILTER('Main Report'!K18:K107, ISNUMBER(MATCH('Main Report'!A18:A107, SPLIT(C9, "", ""), 0))), ""High"") & CHAR(10) & ""Medium: "" & COUNTIF(FILTER('Main Report'!K18:K107, ISNU"&"MBER(MATCH('Main Report'!A18:A107, SPLIT(C9, "", ""), 0))), ""Medium"") & CHAR(10) & ""Low: "" & COUNTIF(FILTER('Main Report'!K18:K107, ISNUMBER(MATCH('Main Report'!A18:A107, SPLIT(C9, "", ""), 0))), ""Low"") ) ) "),"High: 0 Medium: 1 Low: 0") -> High: 0 Medium: 1 Low: 0
A10: =IFERROR(__xludf.DUMMYFUNCTION("""COMPUTED_VALUE"""),"Home Page") -> Home Page | B10: =IFERROR(__xludf.DUMMYFUNCTION("""COMPUTED_VALUE"""),"Menu Button") -> Menu Button | C10: =IFERROR(__xludf.DUMMYFUNCTION("TEXTJOIN("", "", TRUE, FILTER('Main Report'!A19:A108, ('Main Report'!B19:B108=A10) * ('Main Report'!C19:C108=B10) ) ) "),"BR-009") -> BR-009 | D10: =IFERROR(__xludf.DUMMYFUNCTION("COUNTA(UNIQUE(TRANSPOSE(SPLIT(C10, "", "")))) "),1.0) -> 1 | E10: =IF(D10="", "", TEXT((D10 / 'Main Report'!$E$7), "0.00%")) -> 2.70% | F10: =IFERROR(__xludf.DUMMYFUNCTION("IF(C10="""", """", TEXTJOIN("", "", TRUE, ""High: "" & COUNTIF(FILTER('Main Report'!K19:K108, ISNUMBER(MATCH('Main Report'!A19:A108, SPLIT(C10, "", ""), 0))), ""High"") & CHAR(10) & ""Medium: "" & COUNTIF(FILTER('Main Report'!K19:K108, IS"&"NUMBER(MATCH('Main Report'!A19:A108, SPLIT(C10, "", ""), 0))), ""Medium"") & CHAR(10) & ""Low: "" & COUNTIF(FILTER('Main Report'!K19:K108, ISNUMBER(MATCH('Main Report'!A19:A108, SPLIT(C10, "", ""), 0))), ""Low"") ) ) "),"High: 0 Medium: 1 Low: 0") -> High: 0 Medium: 1 Low: 0
A11: =IFERROR(__xludf.DUMMYFUNCTION("""COMPUTED_VALUE"""),"Login") -> Login | B11: =IFERROR(__xludf.DUMMYFUNCTION("""COMPUTED_VALUE"""),"Login") -> Login | C11: =IFERROR(__xludf.DUMMYFUNCTION("TEXTJOIN("", "", TRUE, FILTER('Main Report'!A20:A109, ('Main Report'!B20:B109=A11) * ('Main Report'!C20:C109=B11) ) ) "),"BR-010") -> BR-010 | D11: =IFERROR(__xludf.DUMMYFUNCTION("COUNTA(UNIQUE(TRANSPOSE(SPLIT(C11, "", "")))) "),1.0) -> 1 | E11: =IF(D11="", "", TEXT((D11 / 'Main Report'!$E$7), "0.00%")) -> 2.70% | F11: =IFERROR(__xludf.DUMMYFUNCTION("IF(C11="""", """", TEXTJOIN("", "", TRUE, ""High: "" & COUNTIF(FILTER('Main Report'!K20:K109, ISNUMBER(MATCH('Main Report'!A20:A109, SPLIT(C11, "", ""), 0))), ""High"") & CHAR(10) & ""Medium: "" & COUNTIF(FILTER('Main Report'!K20:K109, IS"&"NUMBER(MATCH('Main Report'!A20:A109, SPLIT(C11, "", ""), 0))), ""Medium"") & CHAR(10) & ""Low: "" & COUNTIF(FILTER('Main Report'!K20:K109, ISNUMBER(MATCH('Main Report'!A20:A109, SPLIT(C11, "", ""), 0))), ""Low"") ) ) "),"High: 1 Medium: 0 Low: 0") -> High: 1 Medium: 0 Low: 0
A12: =IFERROR(__xludf.DUMMYFUNCTION("""COMPUTED_VALUE"""),"Mental Health") -> Mental Health | B12: =IFERROR(__xludf.DUMMYFUNCTION("""COMPUTED_VALUE"""),"Mental Health") -> Mental Health | C12: =IFERROR(__xludf.DUMMYFUNCTION("TEXTJOIN("", "", TRUE, FILTER('Main Report'!A21:A110, ('Main Report'!B21:B110=A12) * ('Main Report'!C21:C110=B12) ) ) "),"BR-011") -> BR-011 | D12: =IFERROR(__xludf.DUMMYFUNCTION("COUNTA(UNIQUE(TRANSPOSE(SPLIT(C12, "", "")))) "),1.0) -> 1 | E12: =IF(D12="", "", TEXT((D12 / 'Main Report'!$E$7), "0.00%")) -> 2.70% | F12: =IFERROR(__xludf.DUMMYFUNCTION("IF(C12="""", """", TEXTJOIN("", "", TRUE, ""High: "" & COUNTIF(FILTER('Main Report'!K21:K110, ISNUMBER(MATCH('Main Report'!A21:A110, SPLIT(C12, "", ""), 0))), ""High"") & CHAR(10) & ""Medium: "" & COUNTIF(FILTER('Main Report'!K21:K110, IS"&"NUMBER(MATCH('Main Report'!A21:A110, SPLIT(C12, "", ""), 0))), ""Medium"") & CHAR(10) & ""Low: "" & COUNTIF(FILTER('Main Report'!K21:K110, ISNUMBER(MATCH('Main Report'!A21:A110, SPLIT(C12, "", ""), 0))), ""Low"") ) ) "),"High: 1 Medium: 0 Low: 0") -> High: 1 Medium: 0 Low: 0
A13: =IFERROR(__xludf.DUMMYFUNCTION("""COMPUTED_VALUE"""),"Message") -> Message | B13: =IFERROR(__xludf.DUMMYFUNCTION("""COMPUTED_VALUE"""),"Message Prifile Image") -> Message Prifile Image | C13: =IFERROR(__xludf.DUMMYFUNCTION("TEXTJOIN("", "", TRUE, FILTER('Main Report'!A22:A111, ('Main Report'!B22:B111=A13) * ('Main Report'!C22:C111=B13) ) ) "),"BR-012") -> BR-012 | D13: =IFERROR(__xludf.DUMMYFUNCTION("COUNTA(UNIQUE(TRANSPOSE(SPLIT(C13, "", "")))) "),1.0) -> 1 | E13: =IF(D13="", "", TEXT((D13 / 'Main Report'!$E$7), "0.00%")) -> 2.70% | F13: =IFERROR(__xludf.DUMMYFUNCTION("IF(C13="""", """", TEXTJOIN("", "", TRUE, ""High: "" & COUNTIF(FILTER('Main Report'!K22:K111, ISNUMBER(MATCH('Main Report'!A22:A111, SPLIT(C13, "", ""), 0))), ""High"") & CHAR(10) & ""Medium: "" & COUNTIF(FILTER('Main Report'!K22:K111, IS"&"NUMBER(MATCH('Main Report'!A22:A111, SPLIT(C13, "", ""), 0))), ""Medium"") & CHAR(10) & ""Low: "" & COUNTIF(FILTER('Main Report'!K22:K111, ISNUMBER(MATCH('Main Report'!A22:A111, SPLIT(C13, "", ""), 0))), ""Low"") ) ) "),"High: 0 Medium: 1 Low: 0") -> High: 0 Medium: 1 Low: 0
A14: =IFERROR(__xludf.DUMMYFUNCTION("""COMPUTED_VALUE"""),"Message") -> Message | B14: =IFERROR(__xludf.DUMMYFUNCTION("""COMPUTED_VALUE"""),"Page") -> Page | C14: =IFERROR(__xludf.DUMMYFUNCTION("TEXTJOIN("", "", TRUE, FILTER('Main Report'!A23:A112, ('Main Report'!B23:B112=A14) * ('Main Report'!C23:C112=B14) ) ) "),"BR-013") -> BR-013 | D14: =IFERROR(__xludf.DUMMYFUNCTION("COUNTA(UNIQUE(TRANSPOSE(SPLIT(C14, "", "")))) "),1.0) -> 1 | E14: =IF(D14="", "", TEXT((D14 / 'Main Report'!$E$7), "0.00%")) -> 2.70% | F14: =IFERROR(__xludf.DUMMYFUNCTION("IF(C14="""", """", TEXTJOIN("", "", TRUE, ""High: "" & COUNTIF(FILTER('Main Report'!K23:K112, ISNUMBER(MATCH('Main Report'!A23:A112, SPLIT(C14, "", ""), 0))), ""High"") & CHAR(10) & ""Medium: "" & COUNTIF(FILTER('Main Report'!K23:K112, IS"&"NUMBER(MATCH('Main Report'!A23:A112, SPLIT(C14, "", ""), 0))), ""Medium"") & CHAR(10) & ""Low: "" & COUNTIF(FILTER('Main Report'!K23:K112, ISNUMBER(MATCH('Main Report'!A23:A112, SPLIT(C14, "", ""), 0))), ""Low"") ) ) "),"High: 1 Medium: 0 Low: 0") -> High: 1 Medium: 0 Low: 0
A15: =IFERROR(__xludf.DUMMYFUNCTION("""COMPUTED_VALUE"""),"Narration") -> Narration | B15: =IFERROR(__xludf.DUMMYFUNCTION("""COMPUTED_VALUE"""),"Narration") -> Narration | C15: =IFERROR(__xludf.DUMMYFUNCTION("TEXTJOIN("", "", TRUE, FILTER('Main Report'!A24:A113, ('Main Report'!B24:B113=A15) * ('Main Report'!C24:C113=B15) ) ) "),"BR-014, BR-015") -> BR-014, BR-015 | D15: =IFERROR(__xludf.DUMMYFUNCTION("COUNTA(UNIQUE(TRANSPOSE(SPLIT(C15, "", "")))) "),2.0) -> 2 | E15: =IF(D15="", "", TEXT((D15 / 'Main Report'!$E$7), "0.00%")) -> 5.41% | F15: =IFERROR(__xludf.DUMMYFUNCTION("IF(C15="""", """", TEXTJOIN("", "", TRUE, ""High: "" & COUNTIF(FILTER('Main Report'!K24:K113, ISNUMBER(MATCH('Main Report'!A24:A113, SPLIT(C15, "", ""), 0))), ""High"") & CHAR(10) & ""Medium: "" & COUNTIF(FILTER('Main Report'!K24:K113, IS"&"NUMBER(MATCH('Main Report'!A24:A113, SPLIT(C15, "", ""), 0))), ""Medium"") & CHAR(10) & ""Low: "" & COUNTIF(FILTER('Main Report'!K24:K113, ISNUMBER(MATCH('Main Report'!A24:A113, SPLIT(C15, "", ""), 0))), ""Low"") ) ) "),"High: 2 Medium: 0 Low: 0") -> High: 2 Medium: 0 Low: 0
A16: =IFERROR(__xludf.DUMMYFUNCTION("""COMPUTED_VALUE"""),"Narrative Page") -> Narrative Page | B16: =IFERROR(__xludf.DUMMYFUNCTION("""COMPUTED_VALUE"""),"Iconography/Functionality") -> Iconography/Functionality | C16: =IFERROR(__xludf.DUMMYFUNCTION("TEXTJOIN("", "", TRUE, FILTER('Main Report'!A25:A114, ('Main Report'!B25:B114=A16) * ('Main Report'!C25:C114=B16) ) ) "),"BR-016") -> BR-016 | D16: =IFERROR(__xludf.DUMMYFUNCTION("COUNTA(UNIQUE(TRANSPOSE(SPLIT(C16, "", "")))) "),1.0) -> 1 | E16: =IF(D16="", "", TEXT((D16 / 'Main Report'!$E$7), "0.00%")) -> 2.70% | F16: =IFERROR(__xludf.DUMMYFUNCTION("IF(C16="""", """", TEXTJOIN("", "", TRUE, ""High: "" & COUNTIF(FILTER('Main Report'!K25:K114, ISNUMBER(MATCH('Main Report'!A25:A114, SPLIT(C16, "", ""), 0))), ""High"") & CHAR(10) & ""Medium: "" & COUNTIF(FILTER('Main Report'!K25:K114, IS"&"NUMBER(MATCH('Main Report'!A25:A114, SPLIT(C16, "", ""), 0))), ""Medium"") & CHAR(10) & ""Low: "" & COUNTIF(FILTER('Main Report'!K25:K114, ISNUMBER(MATCH('Main Report'!A25:A114, SPLIT(C16, "", ""), 0))), ""Low"") ) ) "),"High: 0 Medium: 1 Low: 0") -> High: 0 Medium: 1 Low: 0
A17: =IFERROR(__xludf.DUMMYFUNCTION("""COMPUTED_VALUE"""),"Narrative Page") -> Narrative Page | B17: =IFERROR(__xludf.DUMMYFUNCTION("""COMPUTED_VALUE"""),"Text Editor/Edit Narrative") -> Text Editor/Edit Narrative | C17: =IFERROR(__xludf.DUMMYFUNCTION("TEXTJOIN("", "", TRUE, FILTER('Main Report'!A26:A115, ('Main Report'!B26:B115=A17) * ('Main Report'!C26:C115=B17) ) ) "),"BR-017") -> BR-017 | D17: =IFERROR(__xludf.DUMMYFUNCTION("COUNTA(UNIQUE(TRANSPOSE(SPLIT(C17, "", "")))) "),1.0) -> 1 | E17: =IF(D17="", "", TEXT((D17 / 'Main Report'!$E$7), "0.00%")) -> 2.70% | F17: =IFERROR(__xludf.DUMMYFUNCTION("IF(C17="""", """", TEXTJOIN("", "", TRUE, ""High: "" & COUNTIF(FILTER('Main Report'!K26:K115, ISNUMBER(MATCH('Main Report'!A26:A115, SPLIT(C17, "", ""), 0))), ""High"") & CHAR(10) & ""Medium: "" & COUNTIF(FILTER('Main Report'!K26:K115, IS"&"NUMBER(MATCH('Main Report'!A26:A115, SPLIT(C17, "", ""), 0))), ""Medium"") & CHAR(10) & ""Low: "" & COUNTIF(FILTER('Main Report'!K26:K115, ISNUMBER(MATCH('Main Report'!A26:A115, SPLIT(C17, "", ""), 0))), ""Low"") ) ) "),"High: 0 Medium: 1 Low: 0") -> High: 0 Medium: 1 Low: 0
A18: =IFERROR(__xludf.DUMMYFUNCTION("""COMPUTED_VALUE"""),"Profile") -> Profile | B18: =IFERROR(__xludf.DUMMYFUNCTION("""COMPUTED_VALUE"""),"Edit Profile") -> Edit Profile | C18: =IFERROR(__xludf.DUMMYFUNCTION("TEXTJOIN("", "", TRUE, FILTER('Main Report'!A27:A116, ('Main Report'!B27:B116=A18) * ('Main Report'!C27:C116=B18) ) ) "),"BR-018") -> BR-018 | D18: =IFERROR(__xludf.DUMMYFUNCTION("COUNTA(UNIQUE(TRANSPOSE(SPLIT(C18, "", "")))) "),1.0) -> 1 | E18: =IF(D18="", "", TEXT((D18 / 'Main Report'!$E$7), "0.00%")) -> 2.70% | F18: =IFERROR(__xludf.DUMMYFUNCTION("IF(C18="""", """", TEXTJOIN("", "", TRUE, ""High: "" & COUNTIF(FILTER('Main Report'!K27:K116, ISNUMBER(MATCH('Main Report'!A27:A116, SPLIT(C18, "", ""), 0))), ""High"") & CHAR(10) & ""Medium: "" & COUNTIF(FILTER('Main Report'!K27:K116, IS"&"NUMBER(MATCH('Main Report'!A27:A116, SPLIT(C18, "", ""), 0))), ""Medium"") & CHAR(10) & ""Low: "" & COUNTIF(FILTER('Main Report'!K27:K116, ISNUMBER(MATCH('Main Report'!A27:A116, SPLIT(C18, "", ""), 0))), ""Low"") ) ) "),"High: 0 Medium: 1 Low: 0") -> High: 0 Medium: 1 Low: 0
A19: =IFERROR(__xludf.DUMMYFUNCTION("""COMPUTED_VALUE"""),"Profile") -> Profile | B19: =IFERROR(__xludf.DUMMYFUNCTION("""COMPUTED_VALUE"""),"Profile") -> Profile | C19: =IFERROR(__xludf.DUMMYFUNCTION("TEXTJOIN("", "", TRUE, FILTER('Main Report'!A28:A117, ('Main Report'!B28:B117=A19) * ('Main Report'!C28:C117=B19) ) ) "),"BR-019, BR-020, BR-021") -> BR-019, BR-020, BR-021 | D19: =IFERROR(__xludf.DUMMYFUNCTION("COUNTA(UNIQUE(TRANSPOSE(SPLIT(C19, "", "")))) "),3.0) -> 3 | E19: =IF(D19="", "", TEXT((D19 / 'Main Report'!$E$7), "0.00%")) -> 8.11% | F19: =IFERROR(__xludf.DUMMYFUNCTION("IF(C19="""", """", TEXTJOIN("", "", TRUE, ""High: "" & COUNTIF(FILTER('Main Report'!K28:K117, ISNUMBER(MATCH('Main Report'!A28:A117, SPLIT(C19, "", ""), 0))), ""High"") & CHAR(10) & ""Medium: "" & COUNTIF(FILTER('Main Report'!K28:K117, IS"&"NUMBER(MATCH('Main Report'!A28:A117, SPLIT(C19, "", ""), 0))), ""Medium"") & CHAR(10) & ""Low: "" & COUNTIF(FILTER('Main Report'!K28:K117, ISNUMBER(MATCH('Main Report'!A28:A117, SPLIT(C19, "", ""), 0))), ""Low"") ) ) "),"High: 2 Medium: 1 Low: 0") -> High: 2 Medium: 1 Low: 0
A20: =IFERROR(__xludf.DUMMYFUNCTION("""COMPUTED_VALUE"""),"Registration") -> Registration | B20: =IFERROR(__xludf.DUMMYFUNCTION("""COMPUTED_VALUE"""),"Registration") -> Registration | C20: =IFERROR(__xludf.DUMMYFUNCTION("TEXTJOIN("", "", TRUE, FILTER('Main Report'!A29:A118, ('Main Report'!B29:B118=A20) * ('Main Report'!C29:C118=B20) ) ) "),"BR-022, BR-023, BR-024, BR-025, BR-026, BR-027, BR-028, BR-029, BR-030, BR-031, BR-032") -> BR-022, BR-023, BR-024, BR-025, BR-026, BR-027, BR-028, BR-029, BR-030, BR-031, BR-032 | D20: =IFERROR(__xludf.DUMMYFUNCTION("COUNTA(UNIQUE(TRANSPOSE(SPLIT(C20, "", "")))) "),11.0) -> 11 | E20: =IF(D20="", "", TEXT((D20 / 'Main Report'!$E$7), "0.00%")) -> 29.73% | F20: =IFERROR(__xludf.DUMMYFUNCTION("IF(C20="""", """", TEXTJOIN("", "", TRUE, ""High: "" & COUNTIF(FILTER('Main Report'!K29:K118, ISNUMBER(MATCH('Main Report'!A29:A118, SPLIT(C20, "", ""), 0))), ""High"") & CHAR(10) & ""Medium: "" & COUNTIF(FILTER('Main Report'!K29:K118, IS"&"NUMBER(MATCH('Main Report'!A29:A118, SPLIT(C20, "", ""), 0))), ""Medium"") & CHAR(10) & ""Low: "" & COUNTIF(FILTER('Main Report'!K29:K118, ISNUMBER(MATCH('Main Report'!A29:A118, SPLIT(C20, "", ""), 0))), ""Low"") ) ) "),"High: 5 Medium: 3 Low: 3") -> High: 5 Medium: 3 Low: 3
A21: =IFERROR(__xludf.DUMMYFUNCTION("""COMPUTED_VALUE"""),"Settings") -> Settings | B21: =IFERROR(__xludf.DUMMYFUNCTION("""COMPUTED_VALUE"""),"Subscription") -> Subscription | C21: =IFERROR(__xludf.DUMMYFUNCTION("TEXTJOIN("", "", TRUE, FILTER('Main Report'!A30:A119, ('Main Report'!B30:B119=A21) * ('Main Report'!C30:C119=B21) ) ) "),"BR-033") -> BR-033 | D21: =IFERROR(__xludf.DUMMYFUNCTION("COUNTA(UNIQUE(TRANSPOSE(SPLIT(C21, "", "")))) "),1.0) -> 1 | E21: =IF(D21="", "", TEXT((D21 / 'Main Report'!$E$7), "0.00%")) -> 2.70% | F21: =IFERROR(__xludf.DUMMYFUNCTION("IF(C21="""", """", TEXTJOIN("", "", TRUE, ""High: "" & COUNTIF(FILTER('Main Report'!K30:K119, ISNUMBER(MATCH('Main Report'!A30:A119, SPLIT(C21, "", ""), 0))), ""High"") & CHAR(10) & ""Medium: "" & COUNTIF(FILTER('Main Report'!K30:K119, IS"&"NUMBER(MATCH('Main Report'!A30:A119, SPLIT(C21, "", ""), 0))), ""Medium"") & CHAR(10) & ""Low: "" & COUNTIF(FILTER('Main Report'!K30:K119, ISNUMBER(MATCH('Main Report'!A30:A119, SPLIT(C21, "", ""), 0))), ""Low"") ) ) "),"High: 0 Medium: 1 Low: 0") -> High: 0 Medium: 1 Low: 0
A22: =IFERROR(__xludf.DUMMYFUNCTION("""COMPUTED_VALUE"""),"Subscription") -> Subscription | B22: =IFERROR(__xludf.DUMMYFUNCTION("""COMPUTED_VALUE"""),"Choose Your Plan") -> Choose Your Plan | C22: =IFERROR(__xludf.DUMMYFUNCTION("TEXTJOIN("", "", TRUE, FILTER('Main Report'!A31:A120, ('Main Report'!B31:B120=A22) * ('Main Report'!C31:C120=B22) ) ) "),"BR-034, BR-035, BR-036") -> BR-034, BR-035, BR-036 | D22: =IFERROR(__xludf.DUMMYFUNCTION("COUNTA(UNIQUE(TRANSPOSE(SPLIT(C22, "", "")))) "),3.0) -> 3 | E22: =IF(D22="", "", TEXT((D22 / 'Main Report'!$E$7), "0.00%")) -> 8.11% | F22: =IFERROR(__xludf.DUMMYFUNCTION("IF(C22="""", """", TEXTJOIN("", "", TRUE, ""High: "" & COUNTIF(FILTER('Main Report'!K31:K120, ISNUMBER(MATCH('Main Report'!A31:A120, SPLIT(C22, "", ""), 0))), ""High"") & CHAR(10) & ""Medium: "" & COUNTIF(FILTER('Main Report'!K31:K120, IS"&"NUMBER(MATCH('Main Report'!A31:A120, SPLIT(C22, "", ""), 0))), ""Medium"") & CHAR(10) & ""Low: "" & COUNTIF(FILTER('Main Report'!K31:K120, ISNUMBER(MATCH('Main Report'!A31:A120, SPLIT(C22, "", ""), 0))), ""Low"") ) ) "),"High: 2 Medium: 0 Low: 1") -> High: 2 Medium: 0 Low: 1
A23: =IFERROR(__xludf.DUMMYFUNCTION("""COMPUTED_VALUE"""),"Subscription") -> Subscription | B23: =IFERROR(__xludf.DUMMYFUNCTION("""COMPUTED_VALUE"""),"My Subscription") -> My Subscription | C23: =IFERROR(__xludf.DUMMYFUNCTION("TEXTJOIN("", "", TRUE, FILTER('Main Report'!A32:A121, ('Main Report'!B32:B121=A23) * ('Main Report'!C32:C121=B23) ) ) "),"BR-037") -> BR-037 | D23: =IFERROR(__xludf.DUMMYFUNCTION("COUNTA(UNIQUE(TRANSPOSE(SPLIT(C23, "", "")))) "),1.0) -> 1 | E23: =IF(D23="", "", TEXT((D23 / 'Main Report'!$E$7), "0.00%")) -> 2.70% | F23: =IFERROR(__xludf.DUMMYFUNCTION("IF(C23="""", """", TEXTJOIN("", "", TRUE, ""High: "" & COUNTIF(FILTER('Main Report'!K32:K121, ISNUMBER(MATCH('Main Report'!A32:A121, SPLIT(C23, "", ""), 0))), ""High"") & CHAR(10) & ""Medium: "" & COUNTIF(FILTER('Main Report'!K32:K121, IS"&"NUMBER(MATCH('Main Report'!A32:A121, SPLIT(C23, "", ""), 0))), ""Medium"") & CHAR(10) & ""Low: "" & COUNTIF(FILTER('Main Report'!K32:K121, ISNUMBER(MATCH('Main Report'!A32:A121, SPLIT(C23, "", ""), 0))), ""Low"") ) ) "),"High: 1 Medium: 0 Low: 0") -> High: 1 Medium: 0 Low: 0
