Workbook

Sheet Main Report
A2: Tester : | B2: Mohammed Fahad Faisal | D2: Severity | E2: Issues
A3: Project Name: | B3: HealthDesk AI Web App(rgar6385) - App_Bloom | D3: High | E3: =COUNTIF(Tahsin!K14:K1005, "High") + COUNTIF(Fahad!K8:K1010, "High") -> 32
A4: Project URL: | B4: https://getkyroai.com/ | D4: Medium | E4: =COUNTIF(Tahsin!K14:K1006, "Medium") + COUNTIF(Fahad!K8:K1011, "Medium") -> 6
A5: Developer: | B5: AI Hunter | D5: Low | E5: =COUNTIF(Fahad!K8:K1012, "Low") + COUNTIF(Tahsin!K14:K1009, "Low") -> 1
A6: OS:
A7: Environment | D7: Total Test Cases: | E7: =SUM(E3:E5) -> 39
D8: Test Case Solved : | E8: =COUNTIF(O11:O1003, "Solved") -> 19
A10: Test Case ID | B10: Module | C10: Sub Module | D10: Test Case Description | E10: Preconditions | F10: Test Steps | G10: Test Data | H10: Expected Result | I10: Actual Result | J10: Status | K10: Severity | L10: Screen Shots | M10: Suggestion | N10: Tester | O10: Feedback | P10: Comment | Q10: Stack
A11: {=IF((LEN(B11:B100)+LEN(C11:C100))>0, "BR-" & TEXT(ROW(B11:B100)-ROW(B11)+1,"000"), "")} -> BR-001 | B11: =IFERROR(__xludf.DUMMYFUNCTION("QUERY( { ARRAYFORMULA({TRIM(Fahad!B8:B999), Fahad!C8:M999, IF(LEN(Fahad!B8:B999), ""Fahad"", """")}); ARRAYFORMULA({TRIM(Tahsin!B15:B999), Tahsin!C15:M999, IF(LEN(Tahsin!B15:B999), ""Tahsin"", """")}) }, ""SELECT * WHERE Col1 IS NOT NULL ORD"&"ER BY Col1 ASC, Col2 ASC"", 0 ) "),"AI Chat") -> AI Chat | C11: =IFERROR(__xludf.DUMMYFUNCTION("""COMPUTED_VALUE"""),"AI Chat") -> AI Chat | D11: =IFERROR(__xludf.DUMMYFUNCTION("""COMPUTED_VALUE"""),"Failed to summarize data from Image") -> Failed to summarize data from Image | E11: =IFERROR(__xludf.DUMMYFUNCTION("""COMPUTED_VALUE"""),"User need to access this web app through browser") -> User need to access this web app through browser | F11: =IFERROR(__xludf.DUMMYFUNCTION("""COMPUTED_VALUE"""),"1. Open link 2. Login with Admin Credentials 3. Click on AI Assistant") -> 1. Open link 2. Login with Admin Credentials 3. Click on AI Assistant | G11: =IFERROR(__xludf.DUMMYFUNCTION("""COMPUTED_VALUE"""),"Admin Credentials") -> Admin Credentials | H11: =IFERROR(__xludf.DUMMYFUNCTION("""COMPUTED_VALUE"""),"AI should response properly by image, pdf, docs and xls") -> AI should response properly by image, pdf, docs and xls | I11: =IFERROR(__xludf.DUMMYFUNCTION("""COMPUTED_VALUE"""),"Failed to summarize data by image ") -> Failed to summarize data by image | J11: =IFERROR(__xludf.DUMMYFUNCTION("""COMPUTED_VALUE"""),"Fail") -> Fail | K11: =IFERROR(__xludf.DUMMYFUNCTION("""COMPUTED_VALUE"""),"High") -> High | N11: =IFERROR(__xludf.DUMMYFUNCTION("""COMPUTED_VALUE"""),"Fahad") -> Fahad | O11: Solved | P11: Working:- But some time take time for response come from Ai:- Reza | Q11: AI
A12: BR-002 | B12: =IFERROR(__xludf.DUMMYFUNCTION("""COMPUTED_VALUE"""),"AI Chat") -> AI Chat | C12: =IFERROR(__xludf.DUMMYFUNCTION("""COMPUTED_VALUE"""),"AI Chat") -> AI Chat | D12: =IFERROR(__xludf.DUMMYFUNCTION("""COMPUTED_VALUE"""),"Show irrelevant information in the AI's response") -> Show irrelevant information in the AI's response | E12: =IFERROR(__xludf.DUMMYFUNCTION("""COMPUTED_VALUE"""),"User need to access this web app through browser") -> User need to access this web app through browser | F12: =IFERROR(__xludf.DUMMYFUNCTION("""COMPUTED_VALUE"""),"1. Open link 2. Login with Admin Credentials 3. Click on AI Assistant") -> 1. Open link 2. Login with Admin Credentials 3. Click on AI Assistant | G12: =IFERROR(__xludf.DUMMYFUNCTION("""COMPUTED_VALUE"""),"Admin Credentials") -> Admin Credentials | H12: =IFERROR(__xludf.DUMMYFUNCTION("""COMPUTED_VALUE"""),"AI should only response data which are connected on Medical matters") -> AI should only response data which are connected on Medical matters | I12: =IFERROR(__xludf.DUMMYFUNCTION("""COMPUTED_VALUE"""),"AI response shows dev name like (who create you ? I was created by Khairul) (which company developed you ? Developed by MySoft Heaven BD)") -> AI response shows dev name like (who create you ? I was created by Khairul) (which company developed you ? Developed by MySoft Heaven BD) | J12: =IFERROR(__xludf.DUMMYFUNCTION("""COMPUTED_VALUE"""),"Fail") -> Fail | K12: =IFERROR(__xludf.DUMMYFUNCTION("""COMPUTED_VALUE"""),"High") -> High | L12: =IFERROR(__xludf.DUMMYFUNCTION("""COMPUTED_VALUE"""),"https://jam.dev/c/fecf6ef5-fc42-4eda-b3ac-2b10fe8762f4 https://jam.dev/c/4c4c00d9-71bc-4b0a-a7b0-c141749ae460") -> https://jam.dev/c/fecf6ef5-fc42-4eda-b3ac-2b10fe8762f4 https://jam.dev/c/4c4c00d9-71bc-4b0a-a7b0-c141749ae460 | N12: =IFERROR(__xludf.DUMMYFUNCTION("""COMPUTED_VALUE"""),"Fahad") -> Fahad | O12: Solved | Q12: AI
A13: BR-003 | B13: =IFERROR(__xludf.DUMMYFUNCTION("""COMPUTED_VALUE"""),"AI Training") -> AI Training | C13: =IFERROR(__xludf.DUMMYFUNCTION("""COMPUTED_VALUE"""),"AI Training") -> AI Training | D13: =IFERROR(__xludf.DUMMYFUNCTION("""COMPUTED_VALUE"""),"Failed to provide an adequate response from the last training.") -> Failed to provide an adequate response from the last training. | E13: =IFERROR(__xludf.DUMMYFUNCTION("""COMPUTED_VALUE"""),"User need to access this web app through browser") -> User need to access this web app through browser | F13: =IFERROR(__xludf.DUMMYFUNCTION("""COMPUTED_VALUE"""),"1. Open link 2. Login with Admin Credentials 3. Click on AI Training") -> 1. Open link 2. Login with Admin Credentials 3. Click on AI Training | G13: =IFERROR(__xludf.DUMMYFUNCTION("""COMPUTED_VALUE"""),"President Credentials") -> President Credentials | H13: =IFERROR(__xludf.DUMMYFUNCTION("""COMPUTED_VALUE"""),"AI should capture the context from previous updates or training files to respond to the user more quickly.") -> AI should capture the context from previous updates or training files to respond to the user more quickly. | I13: =IFERROR(__xludf.DUMMYFUNCTION("""COMPUTED_VALUE"""),"Failed to respond to the previous message-based request.") -> Failed to respond to the previous message-based request. | J13: =IFERROR(__xludf.DUMMYFUNCTION("""COMPUTED_VALUE"""),"Fail") -> Fail | K13: =IFERROR(__xludf.DUMMYFUNCTION("""COMPUTED_VALUE"""),"High") -> High | L13: =IFERROR(__xludf.DUMMYFUNCTION("""COMPUTED_VALUE"""),"https://jam.dev/c/1af5c1a4-5d0f-4fab-b23a-dfd79868b6c4") -> https://jam.dev/c/1af5c1a4-5d0f-4fab-b23a-dfd79868b6c4 | N13: =IFERROR(__xludf.DUMMYFUNCTION("""COMPUTED_VALUE"""),"Fahad") -> Fahad | O13: Unsolved | Q13: AI
A14: BR-004 | B14: =IFERROR(__xludf.DUMMYFUNCTION("""COMPUTED_VALUE"""),"AI Training") -> AI Training | C14: =IFERROR(__xludf.DUMMYFUNCTION("""COMPUTED_VALUE"""),"View Docs") -> View Docs | D14: =IFERROR(__xludf.DUMMYFUNCTION("""COMPUTED_VALUE"""),"Failed to train AI by Image") -> Failed to train AI by Image | E14: =IFERROR(__xludf.DUMMYFUNCTION("""COMPUTED_VALUE"""),"User need to access this web app through browser") -> User need to access this web app through browser | F14: =IFERROR(__xludf.DUMMYFUNCTION("""COMPUTED_VALUE"""),"1. Open link 2. Login with Admin Credentials 3. Click on AI Training") -> 1. Open link 2. Login with Admin Credentials 3. Click on AI Training | G14: =IFERROR(__xludf.DUMMYFUNCTION("""COMPUTED_VALUE"""),"Admin Credentials") -> Admin Credentials | H14: =IFERROR(__xludf.DUMMYFUNCTION("""COMPUTED_VALUE"""),"As per as requirement, user should be able to train AI by images, pdf, doc, xls") -> As per as requirement, user should be able to train AI by images, pdf, doc, xls | I14: =IFERROR(__xludf.DUMMYFUNCTION("""COMPUTED_VALUE"""),"Failed to train AI by image") -> Failed to train AI by image | J14: =IFERROR(__xludf.DUMMYFUNCTION("""COMPUTED_VALUE"""),"Fail") -> Fail | K14: =IFERROR(__xludf.DUMMYFUNCTION("""COMPUTED_VALUE"""),"High") -> High | N14: =IFERROR(__xludf.DUMMYFUNCTION("""COMPUTED_VALUE"""),"Fahad") -> Fahad | O14: Solved
A15: BR-005 | B15: =IFERROR(__xludf.DUMMYFUNCTION("""COMPUTED_VALUE"""),"Clinicwise Chat") -> Clinicwise Chat | C15: =IFERROR(__xludf.DUMMYFUNCTION("""COMPUTED_VALUE"""),"Chats") -> Chats | D15: =IFERROR(__xludf.DUMMYFUNCTION("""COMPUTED_VALUE"""),"Chats are not displaying as clinicwise") -> Chats are not displaying as clinicwise | E15: =IFERROR(__xludf.DUMMYFUNCTION("""COMPUTED_VALUE"""),"User need to access this web app through browser") -> User need to access this web app through browser | F15: =IFERROR(__xludf.DUMMYFUNCTION("""COMPUTED_VALUE"""),"1. Open link 2. Login with Admin Credentials 3. Click on Clinicwise Chat") -> 1. Open link 2. Login with Admin Credentials 3. Click on Clinicwise Chat | G15: =IFERROR(__xludf.DUMMYFUNCTION("""COMPUTED_VALUE"""),"Admin Credentials") -> Admin Credentials | H15: =IFERROR(__xludf.DUMMYFUNCTION("""COMPUTED_VALUE"""),"Chats should be displayed as clinicwise") -> Chats should be displayed as clinicwise | I15: =IFERROR(__xludf.DUMMYFUNCTION("""COMPUTED_VALUE"""),"Failed to display chat as clinicwise") -> Failed to display chat as clinicwise | J15: =IFERROR(__xludf.DUMMYFUNCTION("""COMPUTED_VALUE"""),"Fail") -> Fail | K15: =IFERROR(__xludf.DUMMYFUNCTION("""COMPUTED_VALUE"""),"Low") -> Low | L15: =IFERROR(__xludf.DUMMYFUNCTION("""COMPUTED_VALUE"""),"https://jam.dev/c/5b228c92-e271-4c88-9432-71effc8f1d9e") -> https://jam.dev/c/5b228c92-e271-4c88-9432-71effc8f1d9e | N15: =IFERROR(__xludf.DUMMYFUNCTION("""COMPUTED_VALUE"""),"Fahad") -> Fahad | O15: Solved | P15: As per as client req
A16: BR-006 | B16: =IFERROR(__xludf.DUMMYFUNCTION("""COMPUTED_VALUE"""),"Communication") -> Communication | C16: =IFERROR(__xludf.DUMMYFUNCTION("""COMPUTED_VALUE"""),"AI Chat") -> AI Chat | D16: =IFERROR(__xludf.DUMMYFUNCTION("""COMPUTED_VALUE"""),"Like on response dosen't store but dislike store") -> Like on response dosen't store but dislike store | E16: =IFERROR(__xludf.DUMMYFUNCTION("""COMPUTED_VALUE"""),"User need to access this web app through browser") -> User need to access this web app through browser | F16: =IFERROR(__xludf.DUMMYFUNCTION("""COMPUTED_VALUE"""),"1. Open link 2. Login with President Credentials 3. Click on Communication 4. Click on AI chat") -> 1. Open link 2. Login with President Credentials 3. Click on Communication 4. Click on AI chat | G16: =IFERROR(__xludf.DUMMYFUNCTION("""COMPUTED_VALUE"""),"President Credential") -> President Credential | H16: =IFERROR(__xludf.DUMMYFUNCTION("""COMPUTED_VALUE"""),"Both Like or Dislike should be store in chat") -> Both Like or Dislike should be store in chat | I16: =IFERROR(__xludf.DUMMYFUNCTION("""COMPUTED_VALUE"""),"Only dislike store in chat, not like") -> Only dislike store in chat, not like | J16: =IFERROR(__xludf.DUMMYFUNCTION("""COMPUTED_VALUE"""),"Fail") -> Fail | K16: =IFERROR(__xludf.DUMMYFUNCTION("""COMPUTED_VALUE"""),"High") -> High | L16: =IFERROR(__xludf.DUMMYFUNCTION("""COMPUTED_VALUE"""),"https://jam.dev/c/c6437440-a8f3-4a89-87d5-973a60b7548f") -> https://jam.dev/c/c6437440-a8f3-4a89-87d5-973a60b7548f | N16: =IFERROR(__xludf.DUMMYFUNCTION("""COMPUTED_VALUE"""),"Fahad") -> Fahad | O16: Solved | P16: Like is solved | Q16: Backend
A17: BR-007 | B17: =IFERROR(__xludf.DUMMYFUNCTION("""COMPUTED_VALUE"""),"Communication") -> Communication | C17: =IFERROR(__xludf.DUMMYFUNCTION("""COMPUTED_VALUE"""),"Communication") -> Communication | D17: =IFERROR(__xludf.DUMMYFUNCTION("""COMPUTED_VALUE"""),"President profile picture is set as manager profile picture in chat") -> President profile picture is set as manager profile picture in chat | E17: =IFERROR(__xludf.DUMMYFUNCTION("""COMPUTED_VALUE"""),"User need to access this web app through browser") -> User need to access this web app through browser | F17: =IFERROR(__xludf.DUMMYFUNCTION("""COMPUTED_VALUE"""),"1. Open link 2. Login with Manager Credentials 3. Click on Chat") -> 1. Open link 2. Login with Manager Credentials 3. Click on Chat | G17: =IFERROR(__xludf.DUMMYFUNCTION("""COMPUTED_VALUE"""),"Manager Credentials") -> Manager Credentials | H17: =IFERROR(__xludf.DUMMYFUNCTION("""COMPUTED_VALUE"""),"user profile picture should be same in different platforms") -> user profile picture should be same in different platforms | I17: =IFERROR(__xludf.DUMMYFUNCTION("""COMPUTED_VALUE"""),"Different profile picture / conflited profile picture has been seen ") -> Different profile picture / conflited profile picture has been seen | J17: =IFERROR(__xludf.DUMMYFUNCTION("""COMPUTED_VALUE"""),"Fail") -> Fail | K17: =IFERROR(__xludf.DUMMYFUNCTION("""COMPUTED_VALUE"""),"Medium") -> Medium | L17: =IFERROR(__xludf.DUMMYFUNCTION("""COMPUTED_VALUE"""),"https://jam.dev/c/dc389bb1-f3df-42cd-b66c-ab6beca49611") -> https://jam.dev/c/dc389bb1-f3df-42cd-b66c-ab6beca49611 | N17: =IFERROR(__xludf.DUMMYFUNCTION("""COMPUTED_VALUE"""),"Fahad") -> Fahad | O17: Solved | P17: By Reza
A18: BR-008 | B18: =IFERROR(__xludf.DUMMYFUNCTION("""COMPUTED_VALUE"""),"Communication") -> Communication | C18: =IFERROR(__xludf.DUMMYFUNCTION("""COMPUTED_VALUE"""),"Communication") -> Communication | D18: =IFERROR(__xludf.DUMMYFUNCTION("""COMPUTED_VALUE"""),"User name is not dynamically update in group") -> User name is not dynamically update in group | E18: =IFERROR(__xludf.DUMMYFUNCTION("""COMPUTED_VALUE"""),"User need to access this web app through browser") -> User need to access this web app through browser | F18: =IFERROR(__xludf.DUMMYFUNCTION("""COMPUTED_VALUE"""),"1. Open link 2. Login with Manager Credentials 3. Click on Chat") -> 1. Open link 2. Login with Manager Credentials 3. Click on Chat | G18: =IFERROR(__xludf.DUMMYFUNCTION("""COMPUTED_VALUE"""),"Manager Credentials") -> Manager Credentials | H18: =IFERROR(__xludf.DUMMYFUNCTION("""COMPUTED_VALUE"""),"User name should be dynamically update in every group after it changes") -> User name should be dynamically update in every group after it changes | I18: =IFERROR(__xludf.DUMMYFUNCTION("""COMPUTED_VALUE"""),"Failed to show upated username in groups") -> Failed to show upated username in groups | J18: =IFERROR(__xludf.DUMMYFUNCTION("""COMPUTED_VALUE"""),"Fail") -> Fail | K18: =IFERROR(__xludf.DUMMYFUNCTION("""COMPUTED_VALUE"""),"High") -> High | L18: =IFERROR(__xludf.DUMMYFUNCTION("""COMPUTED_VALUE"""),"https://jam.dev/c/aec539c7-5efa-4816-92bc-9904efd640d6") -> https://jam.dev/c/aec539c7-5efa-4816-92bc-9904efd640d6 | N18: =IFERROR(__xludf.DUMMYFUNCTION("""COMPUTED_VALUE"""),"Fahad") -> Fahad | O18: Solved | P18: by Reza
A19: BR-009 | B19: =IFERROR(__xludf.DUMMYFUNCTION("""COMPUTED_VALUE"""),"Communication") -> Communication | C19: =IFERROR(__xludf.DUMMYFUNCTION("""COMPUTED_VALUE"""),"Communication") -> Communication | D19: =IFERROR(__xludf.DUMMYFUNCTION("""COMPUTED_VALUE"""),"Manager was removed automatically from group chat after updating their username") -> Manager was removed automatically from group chat after updating their username | E19: =IFERROR(__xludf.DUMMYFUNCTION("""COMPUTED_VALUE"""),"User need to access this web app through browser") -> User need to access this web app through browser | F19: =IFERROR(__xludf.DUMMYFUNCTION("""COMPUTED_VALUE"""),"1. Open link 2. Login with Manager Credentials 3. Click on Chat") -> 1. Open link 2. Login with Manager Credentials 3. Click on Chat | G19: =IFERROR(__xludf.DUMMYFUNCTION("""COMPUTED_VALUE"""),"Manager Credentials") -> Manager Credentials | H19: =IFERROR(__xludf.DUMMYFUNCTION("""COMPUTED_VALUE"""),"User should remain in group till higher autthority remove them from group") -> User should remain in group till higher autthority remove them from group | I19: =IFERROR(__xludf.DUMMYFUNCTION("""COMPUTED_VALUE"""),"User get remove automatically after changing their user name") -> User get remove automatically after changing their user name | J19: =IFERROR(__xludf.DUMMYFUNCTION("""COMPUTED_VALUE"""),"Fail") -> Fail | K19: =IFERROR(__xludf.DUMMYFUNCTION("""COMPUTED_VALUE"""),"High") -> High | L19: =IFERROR(__xludf.DUMMYFUNCTION("""COMPUTED_VALUE"""),"https://jam.dev/c/4e3e5c1c-0465-4cac-9b99-8f8cd9397648") -> https://jam.dev/c/4e3e5c1c-0465-4cac-9b99-8f8cd9397648 | N19: =IFERROR(__xludf.DUMMYFUNCTION("""COMPUTED_VALUE"""),"Fahad") -> Fahad | P19: Skip,Not present in Ui , also user can see the members list while click on Block member.Now if we display the member list another tab then another feature work will be come, like when click on the user create new message room
A20: BR-010 | B20: =IFERROR(__xludf.DUMMYFUNCTION("""COMPUTED_VALUE"""),"Communication") -> Communication | C20: =IFERROR(__xludf.DUMMYFUNCTION("""COMPUTED_VALUE"""),"Communication") -> Communication | D20: =IFERROR(__xludf.DUMMYFUNCTION("""COMPUTED_VALUE"""),"Automatically removes manager from group for deactive and reactive") -> Automatically removes manager from group for deactive and reactive | E20: =IFERROR(__xludf.DUMMYFUNCTION("""COMPUTED_VALUE"""),"User need to access this web app through browser") -> User need to access this web app through browser | F20: =IFERROR(__xludf.DUMMYFUNCTION("""COMPUTED_VALUE"""),"1. Open link 2. Login with Manager Credentials 3. Click on Chat") -> 1. Open link 2. Login with Manager Credentials 3. Click on Chat | G20: =IFERROR(__xludf.DUMMYFUNCTION("""COMPUTED_VALUE"""),"Manager Credentials") -> Manager Credentials | H20: =IFERROR(__xludf.DUMMYFUNCTION("""COMPUTED_VALUE"""),"User should remain in group till higher autthority remove them from group") -> User should remain in group till higher autthority remove them from group | I20: =IFERROR(__xludf.DUMMYFUNCTION("""COMPUTED_VALUE"""),"User get remove automatically after changing their user name") -> User get remove automatically after changing their user name | J20: =IFERROR(__xludf.DUMMYFUNCTION("""COMPUTED_VALUE"""),"Fail") -> Fail | K20: =IFERROR(__xludf.DUMMYFUNCTION("""COMPUTED_VALUE"""),"High") -> High | L20: =IFERROR(__xludf.DUMMYFUNCTION("""COMPUTED_VALUE"""),"https://jam.dev/c/f58fc153-873d-493b-ab77-3229f95067ae") -> https://jam.dev/c/f58fc153-873d-493b-ab77-3229f95067ae | N20: =IFERROR(__xludf.DUMMYFUNCTION("""COMPUTED_VALUE"""),"Fahad") -> Fahad | O20: Unsolved | P20: by Reza
A21: BR-011 | B21: =IFERROR(__xludf.DUMMYFUNCTION("""COMPUTED_VALUE"""),"Communication") -> Communication | C21: =IFERROR(__xludf.DUMMYFUNCTION("""COMPUTED_VALUE"""),"Communication") -> Communication | D21: =IFERROR(__xludf.DUMMYFUNCTION("""COMPUTED_VALUE"""),"Mobile responsiveness failed in communication") -> Mobile responsiveness failed in communication | E21: =IFERROR(__xludf.DUMMYFUNCTION("""COMPUTED_VALUE"""),"User need to access this web app through browser") -> User need to access this web app through browser | F21: =IFERROR(__xludf.DUMMYFUNCTION("""COMPUTED_VALUE"""),"1. Open link 2. Login with Manager Credentials 3. Click on Chat") -> 1. Open link 2. Login with Manager Credentials 3. Click on Chat | G21: =IFERROR(__xludf.DUMMYFUNCTION("""COMPUTED_VALUE"""),"Manager Credentials") -> Manager Credentials | H21: =IFERROR(__xludf.DUMMYFUNCTION("""COMPUTED_VALUE"""),"The interface should appear clean and seamless to the user.") -> The interface should appear clean and seamless to the user. | I21: =IFERROR(__xludf.DUMMYFUNCTION("""COMPUTED_VALUE"""),"The user interface in the communication section is malfunctioning on mobile devices.") -> The user interface in the communication section is malfunctioning on mobile devices. | J21: =IFERROR(__xludf.DUMMYFUNCTION("""COMPUTED_VALUE"""),"Fail") -> Fail | K21: =IFERROR(__xludf.DUMMYFUNCTION("""COMPUTED_VALUE"""),"High") -> High | L21: =IFERROR(__xludf.DUMMYFUNCTION("""COMPUTED_VALUE"""),"https://jam.dev/c/e7836ef5-4134-4470-95cb-079673316d19") -> https://jam.dev/c/e7836ef5-4134-4470-95cb-079673316d19 | N21: =IFERROR(__xludf.DUMMYFUNCTION("""COMPUTED_VALUE"""),"Fahad") -> Fahad | O21: Unsolved | P21: by- reza
A22: BR-012 | B22: =IFERROR(__xludf.DUMMYFUNCTION("""COMPUTED_VALUE"""),"Communication") -> Communication | C22: =IFERROR(__xludf.DUMMYFUNCTION("""COMPUTED_VALUE"""),"Communication") -> Communication | D22: =IFERROR(__xludf.DUMMYFUNCTION("""COMPUTED_VALUE"""),"The system was unable to respond as expected in different device screen") -> The system was unable to respond as expected in different device screen | E22: =IFERROR(__xludf.DUMMYFUNCTION("""COMPUTED_VALUE"""),"User need to access this web app through browser") -> User need to access this web app through browser | F22: =IFERROR(__xludf.DUMMYFUNCTION("""COMPUTED_VALUE"""),"1. Open link 2. Login with Manager Credentials 3. Click on Chat") -> 1. Open link 2. Login with Manager Credentials 3. Click on Chat | G22: =IFERROR(__xludf.DUMMYFUNCTION("""COMPUTED_VALUE"""),"Manager Credentials") -> Manager Credentials | H22: =IFERROR(__xludf.DUMMYFUNCTION("""COMPUTED_VALUE"""),"The interface should appear clean and seamless to the user.") -> The interface should appear clean and seamless to the user. | I22: =IFERROR(__xludf.DUMMYFUNCTION("""COMPUTED_VALUE"""),"The user interface in the communication section is malfunctioning on mobile devices.") -> The user interface in the communication section is malfunctioning on mobile devices. | J22: =IFERROR(__xludf.DUMMYFUNCTION("""COMPUTED_VALUE"""),"Fail") -> Fail | K22: =IFERROR(__xludf.DUMMYFUNCTION("""COMPUTED_VALUE"""),"High") -> High | L22: =IFERROR(__xludf.DUMMYFUNCTION("""COMPUTED_VALUE"""),"https://jam.dev/c/a5e294ce-6790-45f5-9d44-6b1262c66023") -> https://jam.dev/c/a5e294ce-6790-45f5-9d44-6b1262c66023 | N22: =IFERROR(__xludf.DUMMYFUNCTION("""COMPUTED_VALUE"""),"Fahad") -> Fahad | O22: Solved | Q22: .......
A23: BR-013 | B23: =IFERROR(__xludf.DUMMYFUNCTION("""COMPUTED_VALUE"""),"Communication") -> Communication | C23: =IFERROR(__xludf.DUMMYFUNCTION("""COMPUTED_VALUE"""),"Communication") -> Communication | D23: =IFERROR(__xludf.DUMMYFUNCTION("""COMPUTED_VALUE"""),"The notification bar ought to be positioned on the right side.") -> The notification bar ought to be positioned on the right side. | E23: =IFERROR(__xludf.DUMMYFUNCTION("""COMPUTED_VALUE"""),"User need to access this web app through browser") -> User need to access this web app through browser | F23: =IFERROR(__xludf.DUMMYFUNCTION("""COMPUTED_VALUE"""),"1. Open link 2. Login with Manager Credentials 3. Click on Chat") -> 1. Open link 2. Login with Manager Credentials 3. Click on Chat | G23: =IFERROR(__xludf.DUMMYFUNCTION("""COMPUTED_VALUE"""),"Manager Credentials") -> Manager Credentials | H23: =IFERROR(__xludf.DUMMYFUNCTION("""COMPUTED_VALUE"""),"The interface should appear clean and seamless to the user.") -> The interface should appear clean and seamless to the user. | I23: =IFERROR(__xludf.DUMMYFUNCTION("""COMPUTED_VALUE"""),"The user interface in the communication section is malfunctioning on mobile devices.") -> The user interface in the communication section is malfunctioning on mobile devices. | J23: =IFERROR(__xludf.DUMMYFUNCTION("""COMPUTED_VALUE"""),"Fail") -> Fail | K23: =IFERROR(__xludf.DUMMYFUNCTION("""COMPUTED_VALUE"""),"High") -> High | L23: =IFERROR(__xludf.DUMMYFUNCTION("""COMPUTED_VALUE"""),"https://jam.dev/c/fa09cf59-3308-4993-aca6-ddd17b45f8ba") -> https://jam.dev/c/fa09cf59-3308-4993-aca6-ddd17b45f8ba | N23: =IFERROR(__xludf.DUMMYFUNCTION("""COMPUTED_VALUE"""),"Fahad") -> Fahad | O23: Unsolved | P23: by reza
A24: BR-014 | B24: =IFERROR(__xludf.DUMMYFUNCTION("""COMPUTED_VALUE"""),"Communication") -> Communication | C24: =IFERROR(__xludf.DUMMYFUNCTION("""COMPUTED_VALUE"""),"Communication") -> Communication | D24: =IFERROR(__xludf.DUMMYFUNCTION("""COMPUTED_VALUE"""),"The user profile picture should be aligned to the right.") -> The user profile picture should be aligned to the right. | E24: =IFERROR(__xludf.DUMMYFUNCTION("""COMPUTED_VALUE"""),"User need to access this web app through browser") -> User need to access this web app through browser | F24: =IFERROR(__xludf.DUMMYFUNCTION("""COMPUTED_VALUE"""),"1. Open link 2. Login with Manager Credentials 3. Click on Chat") -> 1. Open link 2. Login with Manager Credentials 3. Click on Chat | G24: =IFERROR(__xludf.DUMMYFUNCTION("""COMPUTED_VALUE"""),"Manager Credentials") -> Manager Credentials | H24: =IFERROR(__xludf.DUMMYFUNCTION("""COMPUTED_VALUE"""),"The interface should appear clean and seamless to the user.") -> The interface should appear clean and seamless to the user. | I24: =IFERROR(__xludf.DUMMYFUNCTION("""COMPUTED_VALUE"""),"The user interface in the communication section is malfunctioning on mobile devices.") -> The user interface in the communication section is malfunctioning on mobile devices. | J24: =IFERROR(__xludf.DUMMYFUNCTION("""COMPUTED_VALUE"""),"Fail") -> Fail | K24: =IFERROR(__xludf.DUMMYFUNCTION("""COMPUTED_VALUE"""),"High") -> High | L24: =IFERROR(__xludf.DUMMYFUNCTION("""COMPUTED_VALUE"""),"https://jam.dev/c/32971bba-796d-4d5c-9a87-3a5eb634fc23") -> https://jam.dev/c/32971bba-796d-4d5c-9a87-3a5eb634fc23 | N24: =IFERROR(__xludf.DUMMYFUNCTION("""COMPUTED_VALUE"""),"Fahad") -> Fahad | O24: Unsolved | P24: This was the Client requirements:- reza
A25: BR-015 | B25: =IFERROR(__xludf.DUMMYFUNCTION("""COMPUTED_VALUE"""),"Communication") -> Communication | C25: =IFERROR(__xludf.DUMMYFUNCTION("""COMPUTED_VALUE"""),"Communication") -> Communication | D25: =IFERROR(__xludf.DUMMYFUNCTION("""COMPUTED_VALUE"""),"The request for the header information was unsuccessful.") -> The request for the header information was unsuccessful. | E25: =IFERROR(__xludf.DUMMYFUNCTION("""COMPUTED_VALUE"""),"User need to access this web app through browser") -> User need to access this web app through browser | F25: =IFERROR(__xludf.DUMMYFUNCTION("""COMPUTED_VALUE"""),"1. Open link 2. Login with Manager Credentials 3. Click on Chat") -> 1. Open link 2. Login with Manager Credentials 3. Click on Chat | G25: =IFERROR(__xludf.DUMMYFUNCTION("""COMPUTED_VALUE"""),"Manager Credentials") -> Manager Credentials | H25: =IFERROR(__xludf.DUMMYFUNCTION("""COMPUTED_VALUE"""),"The interface should appear clean and seamless to the user.") -> The interface should appear clean and seamless to the user. | I25: =IFERROR(__xludf.DUMMYFUNCTION("""COMPUTED_VALUE"""),"The user interface in the communication section is malfunctioning on mobile devices.") -> The user interface in the communication section is malfunctioning on mobile devices. | J25: =IFERROR(__xludf.DUMMYFUNCTION("""COMPUTED_VALUE"""),"Fail") -> Fail | K25: =IFERROR(__xludf.DUMMYFUNCTION("""COMPUTED_VALUE"""),"High") -> High | L25: =IFERROR(__xludf.DUMMYFUNCTION("""COMPUTED_VALUE"""),"https://jam.dev/c/4c79164f-e825-4284-bdcc-cac54a9ed931") -> https://jam.dev/c/4c79164f-e825-4284-bdcc-cac54a9ed931 | N25: =IFERROR(__xludf.DUMMYFUNCTION("""COMPUTED_VALUE"""),"Fahad") -> Fahad | O25: Unsolved | P25: by Reza
A26: BR-016 | B26: =IFERROR(__xludf.DUMMYFUNCTION("""COMPUTED_VALUE"""),"Communication") -> Communication | C26: =IFERROR(__xludf.DUMMYFUNCTION("""COMPUTED_VALUE"""),"Group Chat") -> Group Chat | D26: =IFERROR(__xludf.DUMMYFUNCTION("""COMPUTED_VALUE"""),"User name need to be displayed in the group chat for better user experience") -> User name need to be displayed in the group chat for better user experience | E26: =IFERROR(__xludf.DUMMYFUNCTION("""COMPUTED_VALUE"""),"User need to access this web app through browser") -> User need to access this web app through browser | F26: =IFERROR(__xludf.DUMMYFUNCTION("""COMPUTED_VALUE"""),"1. Open link 2. Login with Admin Credentials 3. Click on communication") -> 1. Open link 2. Login with Admin Credentials 3. Click on communication | G26: =IFERROR(__xludf.DUMMYFUNCTION("""COMPUTED_VALUE"""),"Admin Credentials") -> Admin Credentials | H26: =IFERROR(__xludf.DUMMYFUNCTION("""COMPUTED_VALUE"""),"User name need to be displayed in the group chat for better user engagement") -> User name need to be displayed in the group chat for better user engagement | I26: =IFERROR(__xludf.DUMMYFUNCTION("""COMPUTED_VALUE"""),"The username isn’t shown in the group chat, it’s hard to tell who sent the message.") -> The username isn’t shown in the group chat, it’s hard to tell who sent the message. | J26: =IFERROR(__xludf.DUMMYFUNCTION("""COMPUTED_VALUE"""),"Fail") -> Fail | K26: =IFERROR(__xludf.DUMMYFUNCTION("""COMPUTED_VALUE"""),"High") -> High | L26: =IFERROR(__xludf.DUMMYFUNCTION("""COMPUTED_VALUE"""),"https://jam.dev/c/606bcc70-9c47-4c54-9953-051b4bc39d60") -> https://jam.dev/c/606bcc70-9c47-4c54-9953-051b4bc39d60 | N26: =IFERROR(__xludf.DUMMYFUNCTION("""COMPUTED_VALUE"""),"Fahad") -> Fahad | O26: Unsolved | P26: by Reza
A27: BR-017 | B27: =IFERROR(__xludf.DUMMYFUNCTION("""COMPUTED_VALUE"""),"Communication") -> Communication | C27: =IFERROR(__xludf.DUMMYFUNCTION("""COMPUTED_VALUE"""),"Group Chat") -> Group Chat | D27: =IFERROR(__xludf.DUMMYFUNCTION("""COMPUTED_VALUE"""),"The group image doesn’t update dynamically.") -> The group image doesn’t update dynamically. | E27: =IFERROR(__xludf.DUMMYFUNCTION("""COMPUTED_VALUE"""),"User need to access this web app through browser") -> User need to access this web app through browser | F27: =IFERROR(__xludf.DUMMYFUNCTION("""COMPUTED_VALUE"""),"1. Open link 2. Login with Admin Credentials 3. Click on communication") -> 1. Open link 2. Login with Admin Credentials 3. Click on communication | G27: =IFERROR(__xludf.DUMMYFUNCTION("""COMPUTED_VALUE"""),"Admin Credentials") -> Admin Credentials | H27: =IFERROR(__xludf.DUMMYFUNCTION("""COMPUTED_VALUE"""),"The group image should be dynamically updated.") -> The group image should be dynamically updated. | I27: =IFERROR(__xludf.DUMMYFUNCTION("""COMPUTED_VALUE"""),"Unable to update the group image dynamically.") -> Unable to update the group image dynamically. | J27: =IFERROR(__xludf.DUMMYFUNCTION("""COMPUTED_VALUE"""),"Fail") -> Fail | K27: =IFERROR(__xludf.DUMMYFUNCTION("""COMPUTED_VALUE"""),"Medium") -> Medium | L27: =IFERROR(__xludf.DUMMYFUNCTION("""COMPUTED_VALUE"""),"https://jam.dev/c/58e41e2c-fd94-4d47-a548-31011fbbd2df") -> https://jam.dev/c/58e41e2c-fd94-4d47-a548-31011fbbd2df | N27: =IFERROR(__xludf.DUMMYFUNCTION("""COMPUTED_VALUE"""),"Fahad") -> Fahad | O27: Solved | P27: by reza
A28: BR-018 | B28: =IFERROR(__xludf.DUMMYFUNCTION("""COMPUTED_VALUE"""),"Communication") -> Communication | C28: =IFERROR(__xludf.DUMMYFUNCTION("""COMPUTED_VALUE"""),"Group Chat") -> Group Chat | D28: =IFERROR(__xludf.DUMMYFUNCTION("""COMPUTED_VALUE"""),"Group member list is missing in communication") -> Group member list is missing in communication | E28: =IFERROR(__xludf.DUMMYFUNCTION("""COMPUTED_VALUE"""),"User need to access this web app through browser") -> User need to access this web app through browser | F28: =IFERROR(__xludf.DUMMYFUNCTION("""COMPUTED_VALUE"""),"1. Open link 2. Login with Admin Credentials 3. Click on communication") -> 1. Open link 2. Login with Admin Credentials 3. Click on communication | G28: =IFERROR(__xludf.DUMMYFUNCTION("""COMPUTED_VALUE"""),"Admin Credentials") -> Admin Credentials | H28: =IFERROR(__xludf.DUMMYFUNCTION("""COMPUTED_VALUE"""),"In group details, member list should be displayed for better user experience") -> In group details, member list should be displayed for better user experience | I28: =IFERROR(__xludf.DUMMYFUNCTION("""COMPUTED_VALUE"""),"Group member list missing in group details") -> Group member list missing in group details | J28: =IFERROR(__xludf.DUMMYFUNCTION("""COMPUTED_VALUE"""),"Fail") -> Fail | K28: =IFERROR(__xludf.DUMMYFUNCTION("""COMPUTED_VALUE"""),"High") -> High | L28: =IFERROR(__xludf.DUMMYFUNCTION("""COMPUTED_VALUE"""),"https://jam.dev/c/b50b656c-a6e9-499e-8ec2-25c60607c463") -> https://jam.dev/c/b50b656c-a6e9-499e-8ec2-25c60607c463 | N28: =IFERROR(__xludf.DUMMYFUNCTION("""COMPUTED_VALUE"""),"Fahad") -> Fahad | O28: Unsolved | P28: by reza
A29: BR-019 | B29: =IFERROR(__xludf.DUMMYFUNCTION("""COMPUTED_VALUE"""),"Communication") -> Communication | C29: =IFERROR(__xludf.DUMMYFUNCTION("""COMPUTED_VALUE"""),"Group Chat") -> Group Chat | D29: =IFERROR(__xludf.DUMMYFUNCTION("""COMPUTED_VALUE"""),"Group action bar remains in each chat/group until it clicked") -> Group action bar remains in each chat/group until it clicked | E29: =IFERROR(__xludf.DUMMYFUNCTION("""COMPUTED_VALUE"""),"User need to access this web app through browser") -> User need to access this web app through browser | F29: =IFERROR(__xludf.DUMMYFUNCTION("""COMPUTED_VALUE"""),"1. Open link 2. Login with Admin Credentials 3. Click on communication") -> 1. Open link 2. Login with Admin Credentials 3. Click on communication | G29: =IFERROR(__xludf.DUMMYFUNCTION("""COMPUTED_VALUE"""),"Admin Credentials") -> Admin Credentials | H29: =IFERROR(__xludf.DUMMYFUNCTION("""COMPUTED_VALUE"""),"The action bar should appear when the icon is clicked and hide when the user switches to another chat.") -> The action bar should appear when the icon is clicked and hide when the user switches to another chat. | I29: =IFERROR(__xludf.DUMMYFUNCTION("""COMPUTED_VALUE"""),"The action bar stays in place even when the user switches chats.") -> The action bar stays in place even when the user switches chats. | J29: =IFERROR(__xludf.DUMMYFUNCTION("""COMPUTED_VALUE"""),"Fail") -> Fail | K29: =IFERROR(__xludf.DUMMYFUNCTION("""COMPUTED_VALUE"""),"Medium") -> Medium | L29: =IFERROR(__xludf.DUMMYFUNCTION("""COMPUTED_VALUE"""),"https://jam.dev/c/b9782c46-0840-46e6-80a6-d7dfdb0bf638") -> https://jam.dev/c/b9782c46-0840-46e6-80a6-d7dfdb0bf638 | N29: =IFERROR(__xludf.DUMMYFUNCTION("""COMPUTED_VALUE"""),"Fahad") -> Fahad | O29: Solved | P29: by reza
A30: BR-020 | B30: =IFERROR(__xludf.DUMMYFUNCTION("""COMPUTED_VALUE"""),"Dashboard") -> Dashboard | C30: =IFERROR(__xludf.DUMMYFUNCTION("""COMPUTED_VALUE"""),"Dashboard") -> Dashboard | D30: =IFERROR(__xludf.DUMMYFUNCTION("""COMPUTED_VALUE"""),"Cache is not remove when user logout") -> Cache is not remove when user logout | E30: =IFERROR(__xludf.DUMMYFUNCTION("""COMPUTED_VALUE"""),"User need to access this web app through browser") -> User need to access this web app through browser | F30: =IFERROR(__xludf.DUMMYFUNCTION("""COMPUTED_VALUE"""),"1. Open link 2. Login with President Credentials") -> 1. Open link 2. Login with President Credentials | G30: =IFERROR(__xludf.DUMMYFUNCTION("""COMPUTED_VALUE"""),"President Credential") -> President Credential | H30: =IFERROR(__xludf.DUMMYFUNCTION("""COMPUTED_VALUE"""),"Cache should remove after user logout") -> Cache should remove after user logout | I30: =IFERROR(__xludf.DUMMYFUNCTION("""COMPUTED_VALUE"""),"Still holds cache memory after user logout") -> Still holds cache memory after user logout | J30: =IFERROR(__xludf.DUMMYFUNCTION("""COMPUTED_VALUE"""),"Fail") -> Fail | K30: =IFERROR(__xludf.DUMMYFUNCTION("""COMPUTED_VALUE"""),"High") -> High | L30: =IFERROR(__xludf.DUMMYFUNCTION("""COMPUTED_VALUE"""),"https://jam.dev/c/e3d0f827-d799-451f-9e28-baa52b074e88") -> https://jam.dev/c/e3d0f827-d799-451f-9e28-baa52b074e88 | N30: =IFERROR(__xludf.DUMMYFUNCTION("""COMPUTED_VALUE"""),"Fahad") -> Fahad | O30: Solved
A31: BR-021 | B31: =IFERROR(__xludf.DUMMYFUNCTION("""COMPUTED_VALUE"""),"Dashboard") -> Dashboard | C31: =IFERROR(__xludf.DUMMYFUNCTION("""COMPUTED_VALUE"""),"Dashboard") -> Dashboard | D31: =IFERROR(__xludf.DUMMYFUNCTION("""COMPUTED_VALUE"""),"The dashboard isn’t updating in real time.") -> The dashboard isn’t updating in real time. | E31: =IFERROR(__xludf.DUMMYFUNCTION("""COMPUTED_VALUE"""),"User need to access this web app through browser") -> User need to access this web app through browser | F31: =IFERROR(__xludf.DUMMYFUNCTION("""COMPUTED_VALUE"""),"1. Open link 2. Login with President Credentials") -> 1. Open link 2. Login with President Credentials | G31: =IFERROR(__xludf.DUMMYFUNCTION("""COMPUTED_VALUE"""),"President Credential") -> President Credential | H31: =IFERROR(__xludf.DUMMYFUNCTION("""COMPUTED_VALUE"""),"Dashboard should be updated in real time") -> Dashboard should be updated in real time | I31: =IFERROR(__xludf.DUMMYFUNCTION("""COMPUTED_VALUE"""),"The dashboard isn’t updating in real time.") -> The dashboard isn’t updating in real time. | J31: =IFERROR(__xludf.DUMMYFUNCTION("""COMPUTED_VALUE"""),"Fail") -> Fail | K31: =IFERROR(__xludf.DUMMYFUNCTION("""COMPUTED_VALUE"""),"High") -> High | L31: =IFERROR(__xludf.DUMMYFUNCTION("""COMPUTED_VALUE"""),"https://jam.dev/c/e5a1ddc2-6959-414f-84b4-cd44982cf075") -> https://jam.dev/c/e5a1ddc2-6959-414f-84b4-cd44982cf075 | N31: =IFERROR(__xludf.DUMMYFUNCTION("""COMPUTED_VALUE"""),"Fahad") -> Fahad | O31: Solved | Q31: Backend
A32: BR-022 | B32: =IFERROR(__xludf.DUMMYFUNCTION("""COMPUTED_VALUE"""),"Dashboard") -> Dashboard | C32: =IFERROR(__xludf.DUMMYFUNCTION("""COMPUTED_VALUE"""),"Dashboard") -> Dashboard | D32: =IFERROR(__xludf.DUMMYFUNCTION("""COMPUTED_VALUE"""),"Clicking on Manage Clinic redirects to the login page.") -> Clicking on Manage Clinic redirects to the login page. | E32: =IFERROR(__xludf.DUMMYFUNCTION("""COMPUTED_VALUE"""),"User need to access this web app through browser") -> User need to access this web app through browser | F32: =IFERROR(__xludf.DUMMYFUNCTION("""COMPUTED_VALUE"""),"1. Open link 2. Login with President Credentials") -> 1. Open link 2. Login with President Credentials | G32: =IFERROR(__xludf.DUMMYFUNCTION("""COMPUTED_VALUE"""),"President Credential") -> President Credential | H32: =IFERROR(__xludf.DUMMYFUNCTION("""COMPUTED_VALUE"""),"Click on Manage Clinic should redirect user to Assigned Clinic") -> Click on Manage Clinic should redirect user to Assigned Clinic | I32: =IFERROR(__xludf.DUMMYFUNCTION("""COMPUTED_VALUE"""),"Redirect to Login page when user click on Manage clinic") -> Redirect to Login page when user click on Manage clinic | J32: =IFERROR(__xludf.DUMMYFUNCTION("""COMPUTED_VALUE"""),"Fail") -> Fail | K32: =IFERROR(__xludf.DUMMYFUNCTION("""COMPUTED_VALUE"""),"High") -> High | L32: =IFERROR(__xludf.DUMMYFUNCTION("""COMPUTED_VALUE"""),"https://jam.dev/c/508b63f7-8e56-4211-85be-1e4cd5afad9f") -> https://jam.dev/c/508b63f7-8e56-4211-85be-1e4cd5afad9f | N32: =IFERROR(__xludf.DUMMYFUNCTION("""COMPUTED_VALUE"""),"Fahad") -> Fahad | O32: Unsolved | Q32: backend check this
A33: BR-023 | B33: =IFERROR(__xludf.DUMMYFUNCTION("""COMPUTED_VALUE"""),"Login") -> Login | C33: =IFERROR(__xludf.DUMMYFUNCTION("""COMPUTED_VALUE"""),"Login") -> Login | D33: =IFERROR(__xludf.DUMMYFUNCTION("""COMPUTED_VALUE"""),"Forget Password or password reset action button missing in login page") -> Forget Password or password reset action button missing in login page | E33: =IFERROR(__xludf.DUMMYFUNCTION("""COMPUTED_VALUE"""),"User need to access this web app through browser") -> User need to access this web app through browser | F33: =IFERROR(__xludf.DUMMYFUNCTION("""COMPUTED_VALUE"""),"1. Open link") -> 1. Open link | G33: =IFERROR(__xludf.DUMMYFUNCTION("""COMPUTED_VALUE"""),"N/A") -> N/A | H33: =IFERROR(__xludf.DUMMYFUNCTION("""COMPUTED_VALUE"""),"Password reset / Forget Password option should be visible in the login page") -> Password reset / Forget Password option should be visible in the login page | I33: =IFERROR(__xludf.DUMMYFUNCTION("""COMPUTED_VALUE"""),"No password reset option has been implemented, if need to change, need to do it manually") -> No password reset option has been implemented, if need to change, need to do it manually | J33: =IFERROR(__xludf.DUMMYFUNCTION("""COMPUTED_VALUE"""),"Fail") -> Fail | K33: =IFERROR(__xludf.DUMMYFUNCTION("""COMPUTED_VALUE"""),"High") -> High | L33: =IFERROR(__xludf.DUMMYFUNCTION("""COMPUTED_VALUE"""),"https://jam.dev/c/67d6f6db-0260-4396-b48b-59593fc6f09b") -> https://jam.dev/c/67d6f6db-0260-4396-b48b-59593fc6f09b | N33: =IFERROR(__xludf.DUMMYFUNCTION("""COMPUTED_VALUE"""),"Fahad") -> Fahad | P33: U need give unique user id bucause no duplication id used in db client giv it manually | Q33: Backend Reply this.
A34: BR-024 | B34: =IFERROR(__xludf.DUMMYFUNCTION("""COMPUTED_VALUE"""),"Manage Clinic") -> Manage Clinic | C34: =IFERROR(__xludf.DUMMYFUNCTION("""COMPUTED_VALUE"""),"Add Clinic") -> Add Clinic | D34: =IFERROR(__xludf.DUMMYFUNCTION("""COMPUTED_VALUE"""),"The field required indicator hasn’t been implemented in the frontend.") -> The field required indicator hasn’t been implemented in the frontend. | E34: =IFERROR(__xludf.DUMMYFUNCTION("""COMPUTED_VALUE"""),"User need to access this web app through browser") -> User need to access this web app through browser | F34: =IFERROR(__xludf.DUMMYFUNCTION("""COMPUTED_VALUE"""),"1. Open link 2. Login with Admin Credentials 3. Click on Manage Clinic") -> 1. Open link 2. Login with Admin Credentials 3. Click on Manage Clinic | G34: =IFERROR(__xludf.DUMMYFUNCTION("""COMPUTED_VALUE"""),"Admin Credentials") -> Admin Credentials | H34: =IFERROR(__xludf.DUMMYFUNCTION("""COMPUTED_VALUE"""),"Adding a required field indicator in the frontend can greatly enhance the user experience.") -> Adding a required field indicator in the frontend can greatly enhance the user experience. | I34: =IFERROR(__xludf.DUMMYFUNCTION("""COMPUTED_VALUE"""),"Missing required indicator ") -> Missing required indicator | J34: =IFERROR(__xludf.DUMMYFUNCTION("""COMPUTED_VALUE"""),"Fail") -> Fail | K34: =IFERROR(__xludf.DUMMYFUNCTION("""COMPUTED_VALUE"""),"High") -> High | L34: =IFERROR(__xludf.DUMMYFUNCTION("""COMPUTED_VALUE"""),"https://jam.dev/c/f25a9504-20f8-43e9-abc1-c3c8a55191aa") -> https://jam.dev/c/f25a9504-20f8-43e9-abc1-c3c8a55191aa | N34: =IFERROR(__xludf.DUMMYFUNCTION("""COMPUTED_VALUE"""),"Fahad") -> Fahad | O34: Solved | Q34: backedn ,fixed the error response format
A35: BR-025 | B35: =IFERROR(__xludf.DUMMYFUNCTION("""COMPUTED_VALUE"""),"Manage Clinic") -> Manage Clinic | C35: =IFERROR(__xludf.DUMMYFUNCTION("""COMPUTED_VALUE"""),"Add Clinic") -> Add Clinic | D35: =IFERROR(__xludf.DUMMYFUNCTION("""COMPUTED_VALUE"""),"Validation required in the input field") -> Validation required in the input field | E35: =IFERROR(__xludf.DUMMYFUNCTION("""COMPUTED_VALUE"""),"User need to access this web app through browser") -> User need to access this web app through browser | F35: =IFERROR(__xludf.DUMMYFUNCTION("""COMPUTED_VALUE"""),"1. Open link 2. Login with Admin Credentials 3. Click on Manage Clinic") -> 1. Open link 2. Login with Admin Credentials 3. Click on Manage Clinic | G35: =IFERROR(__xludf.DUMMYFUNCTION("""COMPUTED_VALUE"""),"Admin Credentials") -> Admin Credentials | H35: =IFERROR(__xludf.DUMMYFUNCTION("""COMPUTED_VALUE"""),"Validation in input field need to set") -> Validation in input field need to set | I35: =IFERROR(__xludf.DUMMYFUNCTION("""COMPUTED_VALUE"""),"Failed on validation") -> Failed on validation | J35: =IFERROR(__xludf.DUMMYFUNCTION("""COMPUTED_VALUE"""),"Fail") -> Fail | K35: =IFERROR(__xludf.DUMMYFUNCTION("""COMPUTED_VALUE"""),"High") -> High | L35: =IFERROR(__xludf.DUMMYFUNCTION("""COMPUTED_VALUE"""),"https://jam.dev/c/60208152-77eb-4099-b4c6-10d8c86b57e8") -> https://jam.dev/c/60208152-77eb-4099-b4c6-10d8c86b57e8 | N35: =IFERROR(__xludf.DUMMYFUNCTION("""COMPUTED_VALUE"""),"Fahad") -> Fahad | O35: Unsolved | Q35: backend
A36: BR-026 | B36: =IFERROR(__xludf.DUMMYFUNCTION("""COMPUTED_VALUE"""),"Manage Clinic") -> Manage Clinic | C36: =IFERROR(__xludf.DUMMYFUNCTION("""COMPUTED_VALUE"""),"Add Clinic") -> Add Clinic | D36: =IFERROR(__xludf.DUMMYFUNCTION("""COMPUTED_VALUE"""),"Limit need to set in input field") -> Limit need to set in input field | E36: =IFERROR(__xludf.DUMMYFUNCTION("""COMPUTED_VALUE"""),"User need to access this web app through browser") -> User need to access this web app through browser | F36: =IFERROR(__xludf.DUMMYFUNCTION("""COMPUTED_VALUE"""),"1. Open link 2. Login with Admin Credentials 3. Click on Manage Clinic") -> 1. Open link 2. Login with Admin Credentials 3. Click on Manage Clinic | G36: =IFERROR(__xludf.DUMMYFUNCTION("""COMPUTED_VALUE"""),"Admin Credentials") -> Admin Credentials | H36: =IFERROR(__xludf.DUMMYFUNCTION("""COMPUTED_VALUE"""),"A limit needs to be set in the input field.") -> A limit needs to be set in the input field. | I36: =IFERROR(__xludf.DUMMYFUNCTION("""COMPUTED_VALUE"""),"No limit set in the input field") -> No limit set in the input field | J36: =IFERROR(__xludf.DUMMYFUNCTION("""COMPUTED_VALUE"""),"Fail") -> Fail | K36: =IFERROR(__xludf.DUMMYFUNCTION("""COMPUTED_VALUE"""),"Medium") -> Medium | L36: =IFERROR(__xludf.DUMMYFUNCTION("""COMPUTED_VALUE"""),"https://jam.dev/c/7697c7b5-f9ae-4e36-9a1e-ce335096382c") -> https://jam.dev/c/7697c7b5-f9ae-4e36-9a1e-ce335096382c | M36: =IFERROR(__xludf.DUMMYFUNCTION("""COMPUTED_VALUE"""),"https://jam.dev/c/605adc04-59a2-4636-a2e7-fc6e12097298 Better if the limit set to input fields") -> https://jam.dev/c/605adc04-59a2-4636-a2e7-fc6e12097298 Better if the limit set to input fields | N36: =IFERROR(__xludf.DUMMYFUNCTION("""COMPUTED_VALUE"""),"Fahad") -> Fahad | O36: Solved | P36: by reza
A37: BR-027 | B37: =IFERROR(__xludf.DUMMYFUNCTION("""COMPUTED_VALUE"""),"Settings") -> Settings | C37: =IFERROR(__xludf.DUMMYFUNCTION("""COMPUTED_VALUE"""),"Profile") -> Profile | D37: =IFERROR(__xludf.DUMMYFUNCTION("""COMPUTED_VALUE"""),"Validation in profile is not set ") -> Validation in profile is not set | E37: =IFERROR(__xludf.DUMMYFUNCTION("""COMPUTED_VALUE"""),"User need to access this web app through browser") -> User need to access this web app through browser | F37: =IFERROR(__xludf.DUMMYFUNCTION("""COMPUTED_VALUE"""),"1. Open link 2. Login with Admin Credentials 3. Click on Settings") -> 1. Open link 2. Login with Admin Credentials 3. Click on Settings | G37: =IFERROR(__xludf.DUMMYFUNCTION("""COMPUTED_VALUE"""),"Admin Credentials") -> Admin Credentials | H37: =IFERROR(__xludf.DUMMYFUNCTION("""COMPUTED_VALUE"""),"Validation in input field need to set") -> Validation in input field need to set | I37: =IFERROR(__xludf.DUMMYFUNCTION("""COMPUTED_VALUE"""),"Failed on validation") -> Failed on validation | J37: =IFERROR(__xludf.DUMMYFUNCTION("""COMPUTED_VALUE"""),"Fail") -> Fail | K37: =IFERROR(__xludf.DUMMYFUNCTION("""COMPUTED_VALUE"""),"High") -> High | L37: =IFERROR(__xludf.DUMMYFUNCTION("""COMPUTED_VALUE"""),"https://jam.dev/c/b1dec3b3-564e-413d-9fc7-6d05307cc235") -> https://jam.dev/c/b1dec3b3-564e-413d-9fc7-6d05307cc235 | N37: =IFERROR(__xludf.DUMMYFUNCTION("""COMPUTED_VALUE"""),"Fahad") -> Fahad | O37: Solved | P37: by reza
A38: BR-028 | B38: =IFERROR(__xludf.DUMMYFUNCTION("""COMPUTED_VALUE"""),"Settings") -> Settings | C38: =IFERROR(__xludf.DUMMYFUNCTION("""COMPUTED_VALUE"""),"Profile") -> Profile | D38: =IFERROR(__xludf.DUMMYFUNCTION("""COMPUTED_VALUE"""),"Need to put validation in Manager profie") -> Need to put validation in Manager profie | E38: =IFERROR(__xludf.DUMMYFUNCTION("""COMPUTED_VALUE"""),"User need to access this web app through browser") -> User need to access this web app through browser | F38: =IFERROR(__xludf.DUMMYFUNCTION("""COMPUTED_VALUE"""),"1. Open link 2. Login with Manager Credentials 3. Click on Settings") -> 1. Open link 2. Login with Manager Credentials 3. Click on Settings | G38: =IFERROR(__xludf.DUMMYFUNCTION("""COMPUTED_VALUE"""),"Manager Credentials") -> Manager Credentials | H38: =IFERROR(__xludf.DUMMYFUNCTION("""COMPUTED_VALUE"""),"Need to put validation in Manager profie") -> Need to put validation in Manager profie | I38: =IFERROR(__xludf.DUMMYFUNCTION("""COMPUTED_VALUE"""),"Validation failed") -> Validation failed | J38: =IFERROR(__xludf.DUMMYFUNCTION("""COMPUTED_VALUE"""),"Fail") -> Fail | K38: =IFERROR(__xludf.DUMMYFUNCTION("""COMPUTED_VALUE"""),"High") -> High | L38: =IFERROR(__xludf.DUMMYFUNCTION("""COMPUTED_VALUE"""),"https://jam.dev/c/a30bb76e-d565-4ef1-928f-bf6ec794fb35") -> https://jam.dev/c/a30bb76e-d565-4ef1-928f-bf6ec794fb35 | N38: =IFERROR(__xludf.DUMMYFUNCTION("""COMPUTED_VALUE"""),"Fahad") -> Fahad | O38: Unsolved
A39: BR-029 | B39: =IFERROR(__xludf.DUMMYFUNCTION("""COMPUTED_VALUE"""),"Settings") -> Settings | C39: =IFERROR(__xludf.DUMMYFUNCTION("""COMPUTED_VALUE"""),"Profile") -> Profile | D39: =IFERROR(__xludf.DUMMYFUNCTION("""COMPUTED_VALUE"""),"The username does not update dynamically in the profile.") -> The username does not update dynamically in the profile. | E39: =IFERROR(__xludf.DUMMYFUNCTION("""COMPUTED_VALUE"""),"User need to access this web app through browser") -> User need to access this web app through browser | F39: =IFERROR(__xludf.DUMMYFUNCTION("""COMPUTED_VALUE"""),"1. Open link 2. Login with Manager Credentials 3. Click on Settings") -> 1. Open link 2. Login with Manager Credentials 3. Click on Settings | G39: =IFERROR(__xludf.DUMMYFUNCTION("""COMPUTED_VALUE"""),"Manager Credentials") -> Manager Credentials | H39: =IFERROR(__xludf.DUMMYFUNCTION("""COMPUTED_VALUE"""),"User name should be dynamically update in every group after it changes") -> User name should be dynamically update in every group after it changes | I39: =IFERROR(__xludf.DUMMYFUNCTION("""COMPUTED_VALUE"""),"Failed to show upated username in groups") -> Failed to show upated username in groups | J39: =IFERROR(__xludf.DUMMYFUNCTION("""COMPUTED_VALUE"""),"Fail") -> Fail | K39: =IFERROR(__xludf.DUMMYFUNCTION("""COMPUTED_VALUE"""),"High") -> High | L39: =IFERROR(__xludf.DUMMYFUNCTION("""COMPUTED_VALUE"""),"https://jam.dev/c/c21c907e-9edd-439f-b0fa-e5f365a369eb") -> https://jam.dev/c/c21c907e-9edd-439f-b0fa-e5f365a369eb | M39: =IFERROR(__xludf.DUMMYFUNCTION("""COMPUTED_VALUE"""),"need to refresh after update to see the updated profile") -> need to refresh after update to see the updated profile | N39: =IFERROR(__xludf.DUMMYFUNCTION("""COMPUTED_VALUE"""),"Fahad") -> Fahad | O39: Unsolved
A40: BR-030 | B40: =IFERROR(__xludf.DUMMYFUNCTION("""COMPUTED_VALUE"""),"User Management") -> User Management | C40: =IFERROR(__xludf.DUMMYFUNCTION("""COMPUTED_VALUE"""),"User Management") -> User Management | D40: =IFERROR(__xludf.DUMMYFUNCTION("""COMPUTED_VALUE"""),"The field required indicator hasn’t been implemented in the frontend.") -> The field required indicator hasn’t been implemented in the frontend. | E40: =IFERROR(__xludf.DUMMYFUNCTION("""COMPUTED_VALUE"""),"User need to access this web app through browser") -> User need to access this web app through browser | F40: =IFERROR(__xludf.DUMMYFUNCTION("""COMPUTED_VALUE"""),"1. Open link 2. Login with Admin Credentials 3. Click on User Management") -> 1. Open link 2. Login with Admin Credentials 3. Click on User Management | G40: =IFERROR(__xludf.DUMMYFUNCTION("""COMPUTED_VALUE"""),"Admin Credentials") -> Admin Credentials | H40: =IFERROR(__xludf.DUMMYFUNCTION("""COMPUTED_VALUE"""),"Adding a required field indicator in the frontend can greatly enhance the user experience.") -> Adding a required field indicator in the frontend can greatly enhance the user experience. | I40: =IFERROR(__xludf.DUMMYFUNCTION("""COMPUTED_VALUE"""),"Missing required indicator ") -> Missing required indicator | J40: =IFERROR(__xludf.DUMMYFUNCTION("""COMPUTED_VALUE"""),"Fail") -> Fail | K40: =IFERROR(__xludf.DUMMYFUNCTION("""COMPUTED_VALUE"""),"High") -> High | L40: =IFERROR(__xludf.DUMMYFUNCTION("""COMPUTED_VALUE"""),"https://jam.dev/c/c7fed9af-b9d6-47ae-bb3f-3d23feac85a6") -> https://jam.dev/c/c7fed9af-b9d6-47ae-bb3f-3d23feac85a6 | N40: =IFERROR(__xludf.DUMMYFUNCTION("""COMPUTED_VALUE"""),"Fahad") -> Fahad | O40: Unsolved
A41: BR-031 | B41: =IFERROR(__xludf.DUMMYFUNCTION("""COMPUTED_VALUE"""),"User Management") -> User Management | C41: =IFERROR(__xludf.DUMMYFUNCTION("""COMPUTED_VALUE"""),"User Management") -> User Management | D41: =IFERROR(__xludf.DUMMYFUNCTION("""COMPUTED_VALUE"""),"Validation required in the input field") -> Validation required in the input field | E41: =IFERROR(__xludf.DUMMYFUNCTION("""COMPUTED_VALUE"""),"User need to access this web app through browser") -> User need to access this web app through browser | F41: =IFERROR(__xludf.DUMMYFUNCTION("""COMPUTED_VALUE"""),"1. Open link 2. Login with Admin Credentials 3. Click on User Management") -> 1. Open link 2. Login with Admin Credentials 3. Click on User Management | G41: =IFERROR(__xludf.DUMMYFUNCTION("""COMPUTED_VALUE"""),"Admin Credentials") -> Admin Credentials | H41: =IFERROR(__xludf.DUMMYFUNCTION("""COMPUTED_VALUE"""),"Validation in input field need to set") -> Validation in input field need to set | I41: =IFERROR(__xludf.DUMMYFUNCTION("""COMPUTED_VALUE"""),"Failed on validation") -> Failed on validation | J41: =IFERROR(__xludf.DUMMYFUNCTION("""COMPUTED_VALUE"""),"Fail") -> Fail | K41: =IFERROR(__xludf.DUMMYFUNCTION("""COMPUTED_VALUE"""),"High") -> High | L41: =IFERROR(__xludf.DUMMYFUNCTION("""COMPUTED_VALUE"""),"https://jam.dev/c/e506b2da-e9bc-4df0-8f96-4a58fc677d23") -> https://jam.dev/c/e506b2da-e9bc-4df0-8f96-4a58fc677d23 | M41: =IFERROR(__xludf.DUMMYFUNCTION("""COMPUTED_VALUE"""),"Still take number in name field") -> Still take number in name field | N41: =IFERROR(__xludf.DUMMYFUNCTION("""COMPUTED_VALUE"""),"Fahad") -> Fahad | O41: Unsolved
A42: BR-032 | B42: =IFERROR(__xludf.DUMMYFUNCTION("""COMPUTED_VALUE"""),"User Management") -> User Management | C42: =IFERROR(__xludf.DUMMYFUNCTION("""COMPUTED_VALUE"""),"User Management") -> User Management | D42: =IFERROR(__xludf.DUMMYFUNCTION("""COMPUTED_VALUE"""),"Failed to update role") -> Failed to update role | E42: =IFERROR(__xludf.DUMMYFUNCTION("""COMPUTED_VALUE"""),"User need to access this web app through browser") -> User need to access this web app through browser | F42: =IFERROR(__xludf.DUMMYFUNCTION("""COMPUTED_VALUE"""),"1. Open link 2. Login with Admin Credentials 3. Click on Manage Clinic") -> 1. Open link 2. Login with Admin Credentials 3. Click on Manage Clinic | G42: =IFERROR(__xludf.DUMMYFUNCTION("""COMPUTED_VALUE"""),"Admin Credentials") -> Admin Credentials | H42: =IFERROR(__xludf.DUMMYFUNCTION("""COMPUTED_VALUE"""),"Should be able to update user role from Admin side") -> Should be able to update user role from Admin side | I42: =IFERROR(__xludf.DUMMYFUNCTION("""COMPUTED_VALUE"""),"Failed to update user role ") -> Failed to update user role | J42: =IFERROR(__xludf.DUMMYFUNCTION("""COMPUTED_VALUE"""),"Fail") -> Fail | K42: =IFERROR(__xludf.DUMMYFUNCTION("""COMPUTED_VALUE"""),"High") -> High | L42: =IFERROR(__xludf.DUMMYFUNCTION("""COMPUTED_VALUE"""),"https://jam.dev/c/e6e4004c-24ea-47b1-939b-8281c9ed9dab") -> https://jam.dev/c/e6e4004c-24ea-47b1-939b-8281c9ed9dab | N42: =IFERROR(__xludf.DUMMYFUNCTION("""COMPUTED_VALUE"""),"Fahad") -> Fahad | O42: Solved
A43: BR-033 | B43: =IFERROR(__xludf.DUMMYFUNCTION("""COMPUTED_VALUE"""),"User Management") -> User Management | C43: =IFERROR(__xludf.DUMMYFUNCTION("""COMPUTED_VALUE"""),"User Management") -> User Management | D43: =IFERROR(__xludf.DUMMYFUNCTION("""COMPUTED_VALUE"""),"Validation on phone number failed") -> Validation on phone number failed | E43: =IFERROR(__xludf.DUMMYFUNCTION("""COMPUTED_VALUE"""),"User need to access this web app through browser") -> User need to access this web app through browser | F43: =IFERROR(__xludf.DUMMYFUNCTION("""COMPUTED_VALUE"""),"1. Open link 2. Login with Admin Credentials 3. Click on User Management") -> 1. Open link 2. Login with Admin Credentials 3. Click on User Management | G43: =IFERROR(__xludf.DUMMYFUNCTION("""COMPUTED_VALUE"""),"President Credentials") -> President Credentials | H43: =IFERROR(__xludf.DUMMYFUNCTION("""COMPUTED_VALUE"""),"Phone number should mantain exact country-base format") -> Phone number should mantain exact country-base format | I43: =IFERROR(__xludf.DUMMYFUNCTION("""COMPUTED_VALUE"""),"Can set negetive number and random number as phone number") -> Can set negetive number and random number as phone number | J43: =IFERROR(__xludf.DUMMYFUNCTION("""COMPUTED_VALUE"""),"Fail") -> Fail | K43: =IFERROR(__xludf.DUMMYFUNCTION("""COMPUTED_VALUE"""),"High") -> High | L43: =IFERROR(__xludf.DUMMYFUNCTION("""COMPUTED_VALUE"""),"https://jam.dev/c/b5fc4c90-6046-4483-90f0-dcf2b1395fb6") -> https://jam.dev/c/b5fc4c90-6046-4483-90f0-dcf2b1395fb6 | N43: =IFERROR(__xludf.DUMMYFUNCTION("""COMPUTED_VALUE"""),"Fahad") -> Fahad | O43: Solved
A44: BR-034 | B44: =IFERROR(__xludf.DUMMYFUNCTION("""COMPUTED_VALUE"""),"User Management") -> User Management | C44: =IFERROR(__xludf.DUMMYFUNCTION("""COMPUTED_VALUE"""),"User Management") -> User Management | D44: =IFERROR(__xludf.DUMMYFUNCTION("""COMPUTED_VALUE"""),"Employee ID should auto generate by User Role(Eg: for president : P-XXX , Manager : M-XXX, Doctor : Dr-XXX, Staff : ST-XXX, Jr. Staff : JST-XXX)") -> Employee ID should auto generate by User Role(Eg: for president : P-XXX , Manager : M-XXX, Doctor : Dr-XXX, Staff : ST-XXX, Jr. Staff : JST-XXX) | E44: =IFERROR(__xludf.DUMMYFUNCTION("""COMPUTED_VALUE"""),"User need to access this web app through browser") -> User need to access this web app through browser | F44: =IFERROR(__xludf.DUMMYFUNCTION("""COMPUTED_VALUE"""),"1. Open link 2. Login with Admin Credentials 3. Click on User Management") -> 1. Open link 2. Login with Admin Credentials 3. Click on User Management | G44: =IFERROR(__xludf.DUMMYFUNCTION("""COMPUTED_VALUE"""),"President Credentials") -> President Credentials | H44: =IFERROR(__xludf.DUMMYFUNCTION("""COMPUTED_VALUE"""),"Employee IDs should be automatically generated from the backend to avoid ID conflicts.") -> Employee IDs should be automatically generated from the backend to avoid ID conflicts. | I44: =IFERROR(__xludf.DUMMYFUNCTION("""COMPUTED_VALUE"""),"Can set manual employee ID which may occure id conflict") -> Can set manual employee ID which may occure id conflict | J44: =IFERROR(__xludf.DUMMYFUNCTION("""COMPUTED_VALUE"""),"Fail") -> Fail | K44: =IFERROR(__xludf.DUMMYFUNCTION("""COMPUTED_VALUE"""),"High") -> High | L44: =IFERROR(__xludf.DUMMYFUNCTION("""COMPUTED_VALUE"""),"https://jam.dev/c/da0c0884-ba36-4701-88d0-7af38556509a") -> https://jam.dev/c/da0c0884-ba36-4701-88d0-7af38556509a | M44: =IFERROR(__xludf.DUMMYFUNCTION("""COMPUTED_VALUE"""),"Manually set user ID") -> Manually set user ID | N44: =IFERROR(__xludf.DUMMYFUNCTION("""COMPUTED_VALUE"""),"Fahad") -> Fahad | O44: Unsolved
A45: BR-035 | B45: =IFERROR(__xludf.DUMMYFUNCTION("""COMPUTED_VALUE"""),"User Management") -> User Management | C45: =IFERROR(__xludf.DUMMYFUNCTION("""COMPUTED_VALUE"""),"User Management") -> User Management | D45: =IFERROR(__xludf.DUMMYFUNCTION("""COMPUTED_VALUE"""),"Failed to display the correct error message.") -> Failed to display the correct error message. | E45: =IFERROR(__xludf.DUMMYFUNCTION("""COMPUTED_VALUE"""),"User need to access this web app through browser") -> User need to access this web app through browser | F45: =IFERROR(__xludf.DUMMYFUNCTION("""COMPUTED_VALUE"""),"1. Open link 2. Login with Admin Credentials 3. Click on User Management") -> 1. Open link 2. Login with Admin Credentials 3. Click on User Management | G45: =IFERROR(__xludf.DUMMYFUNCTION("""COMPUTED_VALUE"""),"President Credentials") -> President Credentials | H45: =IFERROR(__xludf.DUMMYFUNCTION("""COMPUTED_VALUE"""),"Proper error message should be displayed for client satisfaction") -> Proper error message should be displayed for client satisfaction | I45: =IFERROR(__xludf.DUMMYFUNCTION("""COMPUTED_VALUE"""),"Failed to display proper error message") -> Failed to display proper error message | J45: =IFERROR(__xludf.DUMMYFUNCTION("""COMPUTED_VALUE"""),"Fail") -> Fail | K45: =IFERROR(__xludf.DUMMYFUNCTION("""COMPUTED_VALUE"""),"Medium") -> Medium | L45: =IFERROR(__xludf.DUMMYFUNCTION("""COMPUTED_VALUE"""),"https://jam.dev/c/c892e3d4-1ccb-4cae-a7e1-627317661fb4") -> https://jam.dev/c/c892e3d4-1ccb-4cae-a7e1-627317661fb4 | N45: =IFERROR(__xludf.DUMMYFUNCTION("""COMPUTED_VALUE"""),"Fahad") -> Fahad | O45: Solved
A46: BR-036 | B46: =IFERROR(__xludf.DUMMYFUNCTION("""COMPUTED_VALUE"""),"User Management") -> User Management | C46: =IFERROR(__xludf.DUMMYFUNCTION("""COMPUTED_VALUE"""),"User Management") -> User Management | D46: =IFERROR(__xludf.DUMMYFUNCTION("""COMPUTED_VALUE"""),"The password change feature for the president's account isn’t working.") -> The password change feature for the president's account isn’t working. | E46: =IFERROR(__xludf.DUMMYFUNCTION("""COMPUTED_VALUE"""),"User need to access this web app through browser") -> User need to access this web app through browser | F46: =IFERROR(__xludf.DUMMYFUNCTION("""COMPUTED_VALUE"""),"1. Open link 2. Login with Admin Credentials 3. Click on User Management") -> 1. Open link 2. Login with Admin Credentials 3. Click on User Management | G46: =IFERROR(__xludf.DUMMYFUNCTION("""COMPUTED_VALUE"""),"President Credentials") -> President Credentials | H46: =IFERROR(__xludf.DUMMYFUNCTION("""COMPUTED_VALUE"""),"President should be able to change users password") -> President should be able to change users password | I46: =IFERROR(__xludf.DUMMYFUNCTION("""COMPUTED_VALUE"""),"Failed to change user password from president account") -> Failed to change user password from president account | J46: =IFERROR(__xludf.DUMMYFUNCTION("""COMPUTED_VALUE"""),"Fail") -> Fail | K46: =IFERROR(__xludf.DUMMYFUNCTION("""COMPUTED_VALUE"""),"High") -> High | L46: =IFERROR(__xludf.DUMMYFUNCTION("""COMPUTED_VALUE"""),"https://jam.dev/c/103ba024-39e7-4b36-a886-8e31bed1dff5") -> https://jam.dev/c/103ba024-39e7-4b36-a886-8e31bed1dff5 | N46: =IFERROR(__xludf.DUMMYFUNCTION("""COMPUTED_VALUE"""),"Fahad") -> Fahad
A47: BR-037 | B47: =IFERROR(__xludf.DUMMYFUNCTION("""COMPUTED_VALUE"""),"User Management") -> User Management | C47: =IFERROR(__xludf.DUMMYFUNCTION("""COMPUTED_VALUE"""),"User Management") -> User Management | D47: =IFERROR(__xludf.DUMMYFUNCTION("""COMPUTED_VALUE"""),"Only Admin has the permission to see chat history of all users. Rest of the role dosen't have the access") -> Only Admin has the permission to see chat history of all users. Rest of the role dosen't have the access | E47: =IFERROR(__xludf.DUMMYFUNCTION("""COMPUTED_VALUE"""),"User need to access this web app through browser") -> User need to access this web app through browser | F47: =IFERROR(__xludf.DUMMYFUNCTION("""COMPUTED_VALUE"""),"1. Open link 2. Login with Admin Credentials 3. Click on User Management") -> 1. Open link 2. Login with Admin Credentials 3. Click on User Management | G47: =IFERROR(__xludf.DUMMYFUNCTION("""COMPUTED_VALUE"""),"President Credentials") -> President Credentials | H47: =IFERROR(__xludf.DUMMYFUNCTION("""COMPUTED_VALUE"""),"Only admin should be able to see the chat history of all users") -> Only admin should be able to see the chat history of all users | I47: =IFERROR(__xludf.DUMMYFUNCTION("""COMPUTED_VALUE"""),"Except for admin view, all user have this module but the access is not granted") -> Except for admin view, all user have this module but the access is not granted | J47: =IFERROR(__xludf.DUMMYFUNCTION("""COMPUTED_VALUE"""),"Fail") -> Fail | K47: =IFERROR(__xludf.DUMMYFUNCTION("""COMPUTED_VALUE"""),"Medium") -> Medium | L47: =IFERROR(__xludf.DUMMYFUNCTION("""COMPUTED_VALUE"""),"https://jam.dev/c/8fb65e0c-d93c-4090-a451-00796a965388") -> https://jam.dev/c/8fb65e0c-d93c-4090-a451-00796a965388 | M47: =IFERROR(__xludf.DUMMYFUNCTION("""COMPUTED_VALUE"""),"Need to remove the viewing chat history for all users except Admin") -> Need to remove the viewing chat history for all users except Admin | N47: =IFERROR(__xludf.DUMMYFUNCTION("""COMPUTED_VALUE"""),"Fahad") -> Fahad
A48: BR-038 | B48: =IFERROR(__xludf.DUMMYFUNCTION("""COMPUTED_VALUE"""),"User Management") -> User Management | C48: =IFERROR(__xludf.DUMMYFUNCTION("""COMPUTED_VALUE"""),"User Management") -> User Management | D48: =IFERROR(__xludf.DUMMYFUNCTION("""COMPUTED_VALUE"""),"Manager can be able to set them deactive ") -> Manager can be able to set them deactive | E48: =IFERROR(__xludf.DUMMYFUNCTION("""COMPUTED_VALUE"""),"User need to access this web app through browser") -> User need to access this web app through browser | F48: =IFERROR(__xludf.DUMMYFUNCTION("""COMPUTED_VALUE"""),"1. Open link 2. Login with Manager Credentials 3. Click on User Management") -> 1. Open link 2. Login with Manager Credentials 3. Click on User Management | G48: =IFERROR(__xludf.DUMMYFUNCTION("""COMPUTED_VALUE"""),"Manager Credentials") -> Manager Credentials | H48: =IFERROR(__xludf.DUMMYFUNCTION("""COMPUTED_VALUE"""),"Users should not be able to deactivate their own account.") -> Users should not be able to deactivate their own account. | I48: =IFERROR(__xludf.DUMMYFUNCTION("""COMPUTED_VALUE"""),"Users can set themselves as inactive.") -> Users can set themselves as inactive. | J48: =IFERROR(__xludf.DUMMYFUNCTION("""COMPUTED_VALUE"""),"Fail") -> Fail | K48: =IFERROR(__xludf.DUMMYFUNCTION("""COMPUTED_VALUE"""),"High") -> High | L48: =IFERROR(__xludf.DUMMYFUNCTION("""COMPUTED_VALUE"""),"https://jam.dev/c/a3bf0421-427e-4d95-8ca4-7237ee07b890") -> https://jam.dev/c/a3bf0421-427e-4d95-8ca4-7237ee07b890 | N48: =IFERROR(__xludf.DUMMYFUNCTION("""COMPUTED_VALUE"""),"Fahad") -> Fahad | O48: Solved
A49: BR-039 | B49: =IFERROR(__xludf.DUMMYFUNCTION("""COMPUTED_VALUE"""),"User Management") -> User Management | C49: =IFERROR(__xludf.DUMMYFUNCTION("""COMPUTED_VALUE"""),"User Management") -> User Management | D49: =IFERROR(__xludf.DUMMYFUNCTION("""COMPUTED_VALUE"""),"Automatically set the manager's password when the manager creates a new user.") -> Automatically set the manager's password when the manager creates a new user. | E49: =IFERROR(__xludf.DUMMYFUNCTION("""COMPUTED_VALUE"""),"User need to access this web app through browser") -> User need to access this web app through browser | F49: =IFERROR(__xludf.DUMMYFUNCTION("""COMPUTED_VALUE"""),"1. Open link 2. Login with Manager Credentials 3. Click on User Management") -> 1. Open link 2. Login with Manager Credentials 3. Click on User Management | G49: =IFERROR(__xludf.DUMMYFUNCTION("""COMPUTED_VALUE"""),"Manager Credentials") -> Manager Credentials | H49: =IFERROR(__xludf.DUMMYFUNCTION("""COMPUTED_VALUE"""),"Add a new user with all input fields left empty.") -> Add a new user with all input fields left empty. | I49: =IFERROR(__xludf.DUMMYFUNCTION("""COMPUTED_VALUE"""),"The set manager’s password has been set up by default.") -> The set manager’s password has been set up by default. | J49: =IFERROR(__xludf.DUMMYFUNCTION("""COMPUTED_VALUE"""),"Fail") -> Fail | K49: =IFERROR(__xludf.DUMMYFUNCTION("""COMPUTED_VALUE"""),"High") -> High | L49: =IFERROR(__xludf.DUMMYFUNCTION("""COMPUTED_VALUE"""),"https://jam.dev/c/d7ae2401-1529-4d00-a91a-ba1c81dd9ee0") -> https://jam.dev/c/d7ae2401-1529-4d00-a91a-ba1c81dd9ee0 | N49: =IFERROR(__xludf.DUMMYFUNCTION("""COMPUTED_VALUE"""),"Fahad") -> Fahad

Sheet Fahad
A1: Tester : | B1: Mohammed Fahad Faisal
A2: Project Name:
A3: Developer: | B3: AI Hunter
A4: OS: | B4: Windows 11 Pro Version:24H2 OS build:26100.4946
A5: Environment: | B5: Brave 1.81.135 (Official Build) (64-bit) Chromium: 139.0.7258.127
A7: Test ID | B7: Module | C7: Sub Module | D7: Test Case Description | E7: Preconditions | F7: Test Steps | G7: Test Data | H7: Expected Result | I7: Actual Result | J7: Status | K7: Severity | L7: Screen Shots | M7: Suggestion | N7: Feedback | O7: Stack
A8: BR_001 | B8: Login | C8: Login | D8: Forget Password or password reset action button missing in login page | E8: User need to access this web app through browser | F8: 1. Open link | G8: N/A | H8: Password reset / Forget Password option should be visible in the login page | I8: No password reset option has been implemented, if need to change, need to do it manually | J8: Fail | K8: High | L8: https://jam.dev/c/67d6f6db-0260-4396-b48b-59593fc6f09b
A10: BR_002 | B10: Communication | C10: Group Chat | D10: User name need to be displayed in the group chat for better user experience | E10: User need to access this web app through browser | F10: 1. Open link 2. Login with Admin Credentials 3. Click on communication | G10: Admin Credentials | H10: User name need to be displayed in the group chat for better user engagement | I10: The username isn’t shown in the group chat, it’s hard to tell who sent the message. | J10: Fail | K10: High | L10: https://jam.dev/c/606bcc70-9c47-4c54-9953-051b4bc39d60
A12: BR_003 | B12: Communication | C12: Group Chat | D12: The group image doesn’t update dynamically. | E12: User need to access this web app through browser | F12: 1. Open link 2. Login with Admin Credentials 3. Click on communication | G12: Admin Credentials | H12: The group image should be dynamically updated. | I12: Unable to update the group image dynamically. | J12: Fail | K12: Medium | L12: https://jam.dev/c/58e41e2c-fd94-4d47-a548-31011fbbd2df
A14: BR_004 | B14: Communication | C14: Group Chat | D14: Group member list is missing in communication | E14: User need to access this web app through browser | F14: 1. Open link 2. Login with Admin Credentials 3. Click on communication | G14: Admin Credentials | H14: In group details, member list should be displayed for better user experience | I14: Group member list missing in group details | J14: Fail | K14: High | L14: https://jam.dev/c/b50b656c-a6e9-499e-8ec2-25c60607c463
A16: BR_005 | B16: Communication | C16: Group Chat | D16: Group action bar remains in each chat/group until it clicked | E16: User need to access this web app through browser | F16: 1. Open link 2. Login with Admin Credentials 3. Click on communication | G16: Admin Credentials | H16: The action bar should appear when the icon is clicked and hide when the user switches to another chat. | I16: The action bar stays in place even when the user switches chats. | J16: Fail | K16: Medium | L16: https://jam.dev/c/b9782c46-0840-46e6-80a6-d7dfdb0bf638
A18: BR_006 | B18: Manage Clinic | C18: Add Clinic | D18: The field required indicator hasn’t been implemented in the frontend. | E18: User need to access this web app through browser | F18: 1. Open link 2. Login with Admin Credentials 3. Click on Manage Clinic | G18: Admin Credentials | H18: Adding a required field indicator in the frontend can greatly enhance the user experience. | I18: Missing required indicator | J18: Fail | K18: High | L18: https://jam.dev/c/f25a9504-20f8-43e9-abc1-c3c8a55191aa
A20: BR_007 | B20: Manage Clinic | C20: Add Clinic | D20: Validation required in the input field | E20: User need to access this web app through browser | F20: 1. Open link 2. Login with Admin Credentials 3. Click on Manage Clinic | G20: Admin Credentials | H20: Validation in input field need to set | I20: Failed on validation | J20: Fail | K20: High | L20: https://jam.dev/c/60208152-77eb-4099-b4c6-10d8c86b57e8
A22: BR_008 | B22: Manage Clinic | C22: Add Clinic | D22: Limit need to set in input field | E22: User need to access this web app through browser | F22: 1. Open link 2. Login with Admin Credentials 3. Click on Manage Clinic | G22: Admin Credentials | H22: A limit needs to be set in the input field. | I22: No limit set in the input field | J22: Fail | K22: Medium | L22: https://jam.dev/c/7697c7b5-f9ae-4e36-9a1e-ce335096382c | M22: https://jam.dev/c/605adc04-59a2-4636-a2e7-fc6e12097298 Better if the limit set to input fields
A24: BR_009 | B24: User Management | C24: User Management | D24: The field required indicator hasn’t been implemented in the frontend. | E24: User need to access this web app through browser | F24: 1. Open link 2. Login with Admin Credentials 3. Click on User Management | G24: Admin Credentials | H24: Adding a required field indicator in the frontend can greatly enhance the user experience. | I24: Missing required indicator | J24: Fail | K24: High | L24: https://jam.dev/c/c7fed9af-b9d6-47ae-bb3f-3d23feac85a6
A26: BR_010 | B26: User Management | C26: User Management | D26: Validation required in the input field | E26: User need to access this web app through browser | F26: 1. Open link 2. Login with Admin Credentials 3. Click on User Management | G26: Admin Credentials | H26: Validation in input field need to set | I26: Failed on validation | J26: Fail | K26: High | L26: https://jam.dev/c/e506b2da-e9bc-4df0-8f96-4a58fc677d23 | M26: Still take number in name field
A28: BR_011 | B28: AI Training | C28: View Docs | D28: Failed to train AI by Image | E28: User need to access this web app through browser | F28: 1. Open link 2. Login with Admin Credentials 3. Click on AI Training | G28: Admin Credentials | H28: As per as requirement, user should be able to train AI by images, pdf, doc, xls | I28: Failed to train AI by image | J28: Fail | K28: High
A30: BR_012 | B30: Settings | C30: Profile | D30: Validation in profile is not set | E30: User need to access this web app through browser | F30: 1. Open link 2. Login with Admin Credentials 3. Click on Settings | G30: Admin Credentials | H30: Validation in input field need to set | I30: Failed on validation | J30: Fail | K30: High | L30: https://jam.dev/c/b1dec3b3-564e-413d-9fc7-6d05307cc235
A32: BR_013 | B32: Clinicwise Chat | C32: Chats | D32: Chats are not displaying as clinicwise | E32: User need to access this web app through browser | F32: 1. Open link 2. Login with Admin Credentials 3. Click on Clinicwise Chat | G32: Admin Credentials | H32: Chats should be displayed as clinicwise | I32: Failed to display chat as clinicwise | J32: Fail | K32: Low | L32: https://jam.dev/c/5b228c92-e271-4c88-9432-71effc8f1d9e
A34: BR_014 | B34: AI Chat | C34: AI Chat | D34: Failed to summarize data from Image | E34: User need to access this web app through browser | F34: 1. Open link 2. Login with Admin Credentials 3. Click on AI Assistant | G34: Admin Credentials | H34: AI should response properly by image, pdf, docs and xls | I34: Failed to summarize data by image | J34: Fail | K34: High
A36: BR_015 | B36: AI Chat | C36: AI Chat | D36: Show irrelevant information in the AI's response | E36: User need to access this web app through browser | F36: 1. Open link 2. Login with Admin Credentials 3. Click on AI Assistant | G36: Admin Credentials | H36: AI should only response data which are connected on Medical matters | I36: AI response shows dev name like (who create you ? I was created by Khairul) (which company developed you ? Developed by MySoft Heaven BD) | J36: Fail | K36: High | L36: https://jam.dev/c/fecf6ef5-fc42-4eda-b3ac-2b10fe8762f4 https://jam.dev/c/4c4c00d9-71bc-4b0a-a7b0-c141749ae460
A38: BR_016 | B38: User Management | C38: User Management | D38: Failed to update role | E38: User need to access this web app through browser | F38: 1. Open link 2. Login with Admin Credentials 3. Click on Manage Clinic | G38: Admin Credentials | H38: Should be able to update user role from Admin side | I38: Failed to update user role | J38: Fail | K38: High | L38: https://jam.dev/c/e6e4004c-24ea-47b1-939b-8281c9ed9dab
A40: BR_017 | B40: Dashboard | C40: Dashboard | D40: Cache is not remove when user logout | E40: User need to access this web app through browser | F40: 1. Open link 2. Login with President Credentials | G40: President Credential | H40: Cache should remove after user logout | I40: Still holds cache memory after user logout | J40: Fail | K40: High | L40: https://jam.dev/c/e3d0f827-d799-451f-9e28-baa52b074e88
A42: BR_018 | B42: Dashboard | C42: Dashboard | D42: The dashboard isn’t updating in real time. | E42: User need to access this web app through browser | F42: 1. Open link 2. Login with President Credentials | G42: President Credential | H42: Dashboard should be updated in real time | I42: The dashboard isn’t updating in real time. | J42: Fail | K42: High | L42: https://jam.dev/c/e5a1ddc2-6959-414f-84b4-cd44982cf075
A44: BR_019 | B44: Dashboard | C44: Dashboard | D44: Clicking on Manage Clinic redirects to the login page. | E44: User need to access this web app through browser | F44: 1. Open link 2. Login with President Credentials | G44: President Credential | H44: Click on Manage Clinic should redirect user to Assigned Clinic | I44: Redirect to Login page when user click on Manage clinic | J44: Fail | K44: High | L44: https://jam.dev/c/508b63f7-8e56-4211-85be-1e4cd5afad9f
A46: BR_020 | B46: Communication | C46: AI Chat | D46: Like on response dosen't store but dislike store | E46: User need to access this web app through browser | F46: 1. Open link 2. Login with President Credentials 3. Click on Communication 4. Click on AI chat | G46: President Credential | H46: Both Like or Dislike should be store in chat | I46: Only dislike store in chat, not like | J46: Fail | K46: High | L46: https://jam.dev/c/c6437440-a8f3-4a89-87d5-973a60b7548f
A48: BR_021 | B48: AI Training | C48: AI Training | D48: Failed to provide an adequate response from the last training. | E48: User need to access this web app through browser | F48: 1. Open link 2. Login with Admin Credentials 3. Click on AI Training | G48: President Credentials | H48: AI should capture the context from previous updates or training files to respond to the user more quickly. | I48: Failed to respond to the previous message-based request. | J48: Fail | K48: High | L48: https://jam.dev/c/1af5c1a4-5d0f-4fab-b23a-dfd79868b6c4
A50: BR_022 | B50: User Management | C50: User Management | D50: Validation on phone number failed | E50: User need to access this web app through browser | F50: 1. Open link 2. Login with Admin Credentials 3. Click on User Management | G50: President Credentials | H50: Phone number should mantain exact country-base format | I50: Can set negetive number and random number as phone number | J50: Fail | K50: High | L50: https://jam.dev/c/b5fc4c90-6046-4483-90f0-dcf2b1395fb6
A52: BR_023 | B52: User Management | C52: User Management | D52: Employee ID should auto generate by User Role(Eg: for president : P-XXX , Manager : M-XXX, Doctor : Dr-XXX, Staff : ST-XXX, Jr. Staff : JST-XXX) | E52: User need to access this web app through browser | F52: 1. Open link 2. Login with Admin Credentials 3. Click on User Management | G52: President Credentials | H52: Employee IDs should be automatically generated from the backend to avoid ID conflicts. | I52: Can set manual employee ID which may occure id conflict | J52: Fail | K52: High | L52: https://jam.dev/c/da0c0884-ba36-4701-88d0-7af38556509a | M52: Manually set user ID
A54: BR_024 | B54: User Management | C54: User Management | D54: Failed to display the correct error message. | E54: User need to access this web app through browser | F54: 1. Open link 2. Login with Admin Credentials 3. Click on User Management | G54: President Credentials | H54: Proper error message should be displayed for client satisfaction | I54: Failed to display proper error message | J54: Fail | K54: Medium | L54: https://jam.dev/c/c892e3d4-1ccb-4cae-a7e1-627317661fb4
A56: BR_025 | B56: User Management | C56: User Management | D56: The password change feature for the president's account isn’t working. | E56: User need to access this web app through browser | F56: 1. Open link 2. Login with Admin Credentials 3. Click on User Management | G56: President Credentials | H56: President should be able to change users password | I56: Failed to change user password from president account | J56: Fail | K56: High | L56: https://jam.dev/c/103ba024-39e7-4b36-a886-8e31bed1dff5
A58: BR_026 | B58: User Management | C58: User Management | D58: Only Admin has the permission to see chat history of all users. Rest of the role dosen't have the access | E58: User need to access this web app through browser | F58: 1. Open link 2. Login with Admin Credentials 3. Click on User Management | G58: President Credentials | H58: Only admin should be able to see the chat history of all users | I58: Except for admin view, all user have this module but the access is not granted | J58: Fail | K58: Medium | L58: https://jam.dev/c/8fb65e0c-d93c-4090-a451-00796a965388 | M58: Need to remove the viewing chat history for all users except Admin
A60: BR_027 | B60: Communication | C60: Communication | D60: President profile picture is set as manager profile picture in chat | E60: User need to access this web app through browser | F60: 1. Open link 2. Login with Manager Credentials 3. Click on Chat | G60: Manager Credentials | H60: user profile picture should be same in different platforms | I60: Different profile picture / conflited profile picture has been seen | J60: Fail | K60: Medium | L60: https://jam.dev/c/dc389bb1-f3df-42cd-b66c-ab6beca49611
A62: BR_028 | B62: User Management | C62: User Management | D62: Manager can be able to set them deactive | E62: User need to access this web app through browser | F62: 1. Open link 2. Login with Manager Credentials 3. Click on User Management | G62: Manager Credentials | H62: Users should not be able to deactivate their own account. | I62: Users can set themselves as inactive. | J62: Fail | K62: High | L62: https://jam.dev/c/a3bf0421-427e-4d95-8ca4-7237ee07b890
A64: BR_029 | B64: Settings | C64: Profile | D64: Need to put validation in Manager profie | E64: User need to access this web app through browser | F64: 1. Open link 2. Login with Manager Credentials 3. Click on Settings | G64: Manager Credentials | H64: Need to put validation in Manager profie | I64: Validation failed | J64: Fail | K64: High | L64: https://jam.dev/c/a30bb76e-d565-4ef1-928f-bf6ec794fb35
A66: BR_030 | B66: Communication | C66: Communication | D66: User name is not dynamically update in group | E66: User need to access this web app through browser | F66: 1. Open link 2. Login with Manager Credentials 3. Click on Chat | G66: Manager Credentials | H66: User name should be dynamically update in every group after it changes | I66: Failed to show upated username in groups | J66: Fail | K66: High | L66: https://jam.dev/c/aec539c7-5efa-4816-92bc-9904efd640d6
A68: BR_031 | B68: Communication | C68: Communication | D68: Manager was removed automatically from group chat after updating their username | E68: User need to access this web app through browser | F68: 1. Open link 2. Login with Manager Credentials 3. Click on Chat | G68: Manager Credentials | H68: User should remain in group till higher autthority remove them from group | I68: User get remove automatically after changing their user name | J68: Fail | K68: High | L68: https://jam.dev/c/4e3e5c1c-0465-4cac-9b99-8f8cd9397648
A70: BR_032 | B70: Settings | C70: Profile | D70: The username does not update dynamically in the profile. | E70: User need to access this web app through browser | F70: 1. Open link 2. Login with Manager Credentials 3. Click on Settings | G70: Manager Credentials | H70: User name should be dynamically update in every group after it changes | I70: Failed to show upated username in groups | J70: Fail | K70: High | L70: https://jam.dev/c/c21c907e-9edd-439f-b0fa-e5f365a369eb | M70: need to refresh after update to see the updated profile
A72: BR_033 | B72: Communication | C72: Communication | D72: Automatically removes manager from group for deactive and reactive | E72: User need to access this web app through browser | F72: 1. Open link 2. Login with Manager Credentials 3. Click on Chat | G72: Manager Credentials | H72: User should remain in group till higher autthority remove them from group | I72: User get remove automatically after changing their user name | J72: Fail | K72: High | L72: https://jam.dev/c/f58fc153-873d-493b-ab77-3229f95067ae
A74: BR_034 | B74: Communication | C74: Communication | D74: Mobile responsiveness failed in communication | E74: User need to access this web app through browser | F74: 1. Open link 2. Login with Manager Credentials 3. Click on Chat | G74: Manager Credentials | H74: The interface should appear clean and seamless to the user. | I74: The user interface in the communication section is malfunctioning on mobile devices. | J74: Fail | K74: High | L74: https://jam.dev/c/e7836ef5-4134-4470-95cb-079673316d19
A76: BR_035 | B76: Communication | C76: Communication | D76: The system was unable to respond as expected in different device screen | E76: User need to access this web app through browser | F76: 1. Open link 2. Login with Manager Credentials 3. Click on Chat | G76: Manager Credentials | H76: The interface should appear clean and seamless to the user. | I76: The user interface in the communication section is malfunctioning on mobile devices. | J76: Fail | K76: High | L76: https://jam.dev/c/a5e294ce-6790-45f5-9d44-6b1262c66023
A78: BR_036 | B78: Communication | C78: Communication | D78: The notification bar ought to be positioned on the right side. | E78: User need to access this web app through browser | F78: 1. Open link 2. Login with Manager Credentials 3. Click on Chat | G78: Manager Credentials | H78: The interface should appear clean and seamless to the user. | I78: The user interface in the communication section is malfunctioning on mobile devices. | J78: Fail | K78: High | L78: https://jam.dev/c/fa09cf59-3308-4993-aca6-ddd17b45f8ba
A80: BR_037 | B80: Communication | C80: Communication | D80: The user profile picture should be aligned to the right. | E80: User need to access this web app through browser | F80: 1. Open link 2. Login with Manager Credentials 3. Click on Chat | G80: Manager Credentials | H80: The interface should appear clean and seamless to the user. | I80: The user interface in the communication section is malfunctioning on mobile devices. | J80: Fail | K80: High | L80: https://jam.dev/c/32971bba-796d-4d5c-9a87-3a5eb634fc23
A82: BR_038 | B82: Communication | C82: Communication | D82: The request for the header information was unsuccessful. | E82: User need to access this web app through browser | F82: 1. Open link 2. Login with Manager Credentials 3. Click on Chat | G82: Manager Credentials | H82: The interface should appear clean and seamless to the user. | I82: The user interface in the communication section is malfunctioning on mobile devices. | J82: Fail | K82: High | L82: https://jam.dev/c/4c79164f-e825-4284-bdcc-cac54a9ed931
A84: BR_039 | B84: User Management | C84: User Management | D84: Automatically set the manager's password when the manager creates a new user. | E84: User need to access this web app through browser | F84: 1. Open link 2. Login with Manager Credentials 3. Click on User Management | G84: Manager Credentials | H84: Add a new user with all input fields left empty. | I84: The set manager’s password has been set up by default. | J84: Fail | K84: High | L84: https://jam.dev/c/d7ae2401-1529-4d00-a91a-ba1c81dd9ee0
A86: BR_040
A88: BR_041
A90: BR_042
A92: BR_043
A94: BR_044
A96: BR_045
A98: BR_046
A100: BR_047
A102: BR_048
A104: BR_049
A106: BR_050

Sheet Summary Report
A1: Module | B1: Sub Module | C1: Test Case ID | D1: Bug Count | E1: Bug Rate % | F1: Bug Severity
A2: =IFERROR(__xludf.DUMMYFUNCTION("SORT( SPLIT( UNIQUE( FILTER('Main Report'!B11:B100 & ""♦"" & 'Main Report'!C11:C100, LEN('Main Report'!C11:C100)) ), ""♦"" ), 1, TRUE, 2, TRUE ) "),"AI Chat") -> AI Chat | B2: =IFERROR(__xludf.DUMMYFUNCTION("""COMPUTED_VALUE"""),"AI Chat") -> AI Chat | C2: =IFERROR(__xludf.DUMMYFUNCTION("TEXTJOIN("", "", TRUE, FILTER('Main Report'!A11:A100, ('Main Report'!B11:B100=A2) * ('Main Report'!C11:C100=B2) ) ) "),"BR-001, BR-002") -> BR-001, BR-002 | D2: =IFERROR(__xludf.DUMMYFUNCTION("COUNTA(UNIQUE(TRANSPOSE(SPLIT(C2, "", "")))) "),2.0) -> 2 | E2: =IF(D2="", "", TEXT((D2 / 'Main Report'!$E$7), "0.00%")) -> 5.13% | F2: =IFERROR(__xludf.DUMMYFUNCTION("IF(C2="""", """", TEXTJOIN("", "", TRUE, ""High: "" & COUNTIF(FILTER('Main Report'!K11:K100, ISNUMBER(MATCH('Main Report'!A11:A100, SPLIT(C2, "", ""), 0))), ""High"") & CHAR(10) & ""Medium: "" & COUNTIF(FILTER('Main Report'!K11:K100, ISNU"&"MBER(MATCH('Main Report'!A11:A100, SPLIT(C2, "", ""), 0))), ""Medium"") & CHAR(10) & ""Low: "" & COUNTIF(FILTER('Main Report'!K11:K100, ISNUMBER(MATCH('Main Report'!A11:A100, SPLIT(C2, "", ""), 0))), ""Low"") ) ) "),"High: 2 Medium: 0 Low: 0") -> High: 2 Medium: 0 Low: 0
A3: =IFERROR(__xludf.DUMMYFUNCTION("""COMPUTED_VALUE"""),"AI Training") -> AI Training | B3: =IFERROR(__xludf.DUMMYFUNCTION("""COMPUTED_VALUE"""),"AI Training") -> AI Training | C3: =IFERROR(__xludf.DUMMYFUNCTION("TEXTJOIN("", "", TRUE, FILTER('Main Report'!A12:A101, ('Main Report'!B12:B101=A3) * ('Main Report'!C12:C101=B3) ) ) "),"BR-003") -> BR-003 | D3: =IFERROR(__xludf.DUMMYFUNCTION("COUNTA(UNIQUE(TRANSPOSE(SPLIT(C3, "", "")))) "),1.0) -> 1 | E3: =IF(D3="", "", TEXT((D3 / 'Main Report'!$E$7), "0.00%")) -> 2.56% | F3: =IFERROR(__xludf.DUMMYFUNCTION("IF(C3="""", """", TEXTJOIN("", "", TRUE, ""High: "" & COUNTIF(FILTER('Main Report'!K12:K101, ISNUMBER(MATCH('Main Report'!A12:A101, SPLIT(C3, "", ""), 0))), ""High"") & CHAR(10) & ""Medium: "" & COUNTIF(FILTER('Main Report'!K12:K101, ISNU"&"MBER(MATCH('Main Report'!A12:A101, SPLIT(C3, "", ""), 0))), ""Medium"") & CHAR(10) & ""Low: "" & COUNTIF(FILTER('Main Report'!K12:K101, ISNUMBER(MATCH('Main Report'!A12:A101, SPLIT(C3, "", ""), 0))), ""Low"") ) ) "),"High: 1 Medium: 0 Low: 0") -> High: 1 Medium: 0 Low: 0
A4: =IFERROR(__xludf.DUMMYFUNCTION("""COMPUTED_VALUE"""),"AI Training") -> AI Training | B4: =IFERROR(__xludf.DUMMYFUNCTION("""COMPUTED_VALUE"""),"View Docs") -> View Docs | C4: =IFERROR(__xludf.DUMMYFUNCTION("TEXTJOIN("", "", TRUE, FILTER('Main Report'!A13:A102, ('Main Report'!B13:B102=A4) * ('Main Report'!C13:C102=B4) ) ) "),"BR-004") -> BR-004 | D4: =IFERROR(__xludf.DUMMYFUNCTION("COUNTA(UNIQUE(TRANSPOSE(SPLIT(C4, "", "")))) "),1.0) -> 1 | E4: =IF(D4="", "", TEXT((D4 / 'Main Report'!$E$7), "0.00%")) -> 2.56% | F4: =IFERROR(__xludf.DUMMYFUNCTION("IF(C4="""", """", TEXTJOIN("", "", TRUE, ""High: "" & COUNTIF(FILTER('Main Report'!K13:K102, ISNUMBER(MATCH('Main Report'!A13:A102, SPLIT(C4, "", ""), 0))), ""High"") & CHAR(10) & ""Medium: "" & COUNTIF(FILTER('Main Report'!K13:K102, ISNU"&"MBER(MATCH('Main Report'!A13:A102, SPLIT(C4, "", ""), 0))), ""Medium"") & CHAR(10) & ""Low: "" & COUNTIF(FILTER('Main Report'!K13:K102, ISNUMBER(MATCH('Main Report'!A13:A102, SPLIT(C4, "", ""), 0))), ""Low"") ) ) "),"High: 1 Medium: 0 Low: 0") -> High: 1 Medium: 0 Low: 0
A5: =IFERROR(__xludf.DUMMYFUNCTION("""COMPUTED_VALUE"""),"Clinicwise Chat") -> Clinicwise Chat | B5: =IFERROR(__xludf.DUMMYFUNCTION("""COMPUTED_VALUE"""),"Chats") -> Chats | C5: =IFERROR(__xludf.DUMMYFUNCTION("TEXTJOIN("", "", TRUE, FILTER('Main Report'!A14:A103, ('Main Report'!B14:B103=A5) * ('Main Report'!C14:C103=B5) ) ) "),"BR-005") -> BR-005 | D5: =IFERROR(__xludf.DUMMYFUNCTION("COUNTA(UNIQUE(TRANSPOSE(SPLIT(C5, "", "")))) "),1.0) -> 1 | E5: =IF(D5="", "", TEXT((D5 / 'Main Report'!$E$7), "0.00%")) -> 2.56% | F5: =IFERROR(__xludf.DUMMYFUNCTION("IF(C5="""", """", TEXTJOIN("", "", TRUE, ""High: "" & COUNTIF(FILTER('Main Report'!K14:K103, ISNUMBER(MATCH('Main Report'!A14:A103, SPLIT(C5, "", ""), 0))), ""High"") & CHAR(10) & ""Medium: "" & COUNTIF(FILTER('Main Report'!K14:K103, ISNU"&"MBER(MATCH('Main Report'!A14:A103, SPLIT(C5, "", ""), 0))), ""Medium"") & CHAR(10) & ""Low: "" & COUNTIF(FILTER('Main Report'!K14:K103, ISNUMBER(MATCH('Main Report'!A14:A103, SPLIT(C5, "", ""), 0))), ""Low"") ) ) "),"High: 0 Medium: 0 Low: 1") -> High: 0 Medium: 0 Low: 1
A6: =IFERROR(__xludf.DUMMYFUNCTION("""COMPUTED_VALUE"""),"Communication") -> Communication | B6: =IFERROR(__xludf.DUMMYFUNCTION("""COMPUTED_VALUE"""),"AI Chat") -> AI Chat | C6: =IFERROR(__xludf.DUMMYFUNCTION("TEXTJOIN("", "", TRUE, FILTER('Main Report'!A15:A104, ('Main Report'!B15:B104=A6) * ('Main Report'!C15:C104=B6) ) ) "),"BR-006") -> BR-006 | D6: =IFERROR(__xludf.DUMMYFUNCTION("COUNTA(UNIQUE(TRANSPOSE(SPLIT(C6, "", "")))) "),1.0) -> 1 | E6: =IF(D6="", "", TEXT((D6 / 'Main Report'!$E$7), "0.00%")) -> 2.56% | F6: =IFERROR(__xludf.DUMMYFUNCTION("IF(C6="""", """", TEXTJOIN("", "", TRUE, ""High: "" & COUNTIF(FILTER('Main Report'!K15:K104, ISNUMBER(MATCH('Main Report'!A15:A104, SPLIT(C6, "", ""), 0))), ""High"") & CHAR(10) & ""Medium: "" & COUNTIF(FILTER('Main Report'!K15:K104, ISNU"&"MBER(MATCH('Main Report'!A15:A104, SPLIT(C6, "", ""), 0))), ""Medium"") & CHAR(10) & ""Low: "" & COUNTIF(FILTER('Main Report'!K15:K104, ISNUMBER(MATCH('Main Report'!A15:A104, SPLIT(C6, "", ""), 0))), ""Low"") ) ) "),"High: 1 Medium: 0 Low: 0") -> High: 1 Medium: 0 Low: 0
A7: =IFERROR(__xludf.DUMMYFUNCTION("""COMPUTED_VALUE"""),"Communication") -> Communication | B7: =IFERROR(__xludf.DUMMYFUNCTION("""COMPUTED_VALUE"""),"Communication") -> Communication | C7: =IFERROR(__xludf.DUMMYFUNCTION("TEXTJOIN("", "", TRUE, FILTER('Main Report'!A16:A105, ('Main Report'!B16:B105=A7) * ('Main Report'!C16:C105=B7) ) ) "),"BR-007, BR-008, BR-009, BR-010, BR-011, BR-012, BR-013, BR-014, BR-015") -> BR-007, BR-008, BR-009, BR-010, BR-011, BR-012, BR-013, BR-014, BR-015 | D7: =IFERROR(__xludf.DUMMYFUNCTION("COUNTA(UNIQUE(TRANSPOSE(SPLIT(C7, "", "")))) "),9.0) -> 9 | E7: =IF(D7="", "", TEXT((D7 / 'Main Report'!$E$7), "0.00%")) -> 23.08% | F7: =IFERROR(__xludf.DUMMYFUNCTION("IF(C7="""", """", TEXTJOIN("", "", TRUE, ""High: "" & COUNTIF(FILTER('Main Report'!K16:K105, ISNUMBER(MATCH('Main Report'!A16:A105, SPLIT(C7, "", ""), 0))), ""High"") & CHAR(10) & ""Medium: "" & COUNTIF(FILTER('Main Report'!K16:K105, ISNU"&"MBER(MATCH('Main Report'!A16:A105, SPLIT(C7, "", ""), 0))), ""Medium"") & CHAR(10) & ""Low: "" & COUNTIF(FILTER('Main Report'!K16:K105, ISNUMBER(MATCH('Main Report'!A16:A105, SPLIT(C7, "", ""), 0))), ""Low"") ) ) "),"High: 8 Medium: 1 Low: 0") -> High: 8 Medium: 1 Low: 0
A8: =IFERROR(__xludf.DUMMYFUNCTION("""COMPUTED_VALUE"""),"Communication") -> Communication | B8: =IFERROR(__xludf.DUMMYFUNCTION("""COMPUTED_VALUE"""),"Group Chat") -> Group Chat | C8: =IFERROR(__xludf.DUMMYFUNCTION("TEXTJOIN("", "", TRUE, FILTER('Main Report'!A17:A106, ('Main Report'!B17:B106=A8) * ('Main Report'!C17:C106=B8) ) ) "),"BR-016, BR-017, BR-018, BR-019") -> BR-016, BR-017, BR-018, BR-019 | D8: =IFERROR(__xludf.DUMMYFUNCTION("COUNTA(UNIQUE(TRANSPOSE(SPLIT(C8, "", "")))) "),4.0) -> 4 | E8: =IF(D8="", "", TEXT((D8 / 'Main Report'!$E$7), "0.00%")) -> 10.26% | F8: =IFERROR(__xludf.DUMMYFUNCTION("IF(C8="""", """", TEXTJOIN("", "", TRUE, ""High: "" & COUNTIF(FILTER('Main Report'!K17:K106, ISNUMBER(MATCH('Main Report'!A17:A106, SPLIT(C8, "", ""), 0))), ""High"") & CHAR(10) & ""Medium: "" & COUNTIF(FILTER('Main Report'!K17:K106, ISNU"&"MBER(MATCH('Main Report'!A17:A106, SPLIT(C8, "", ""), 0))), ""Medium"") & CHAR(10) & ""Low: "" & COUNTIF(FILTER('Main Report'!K17:K106, ISNUMBER(MATCH('Main Report'!A17:A106, SPLIT(C8, "", ""), 0))), ""Low"") ) ) "),"High: 2 Medium: 2 Low: 0") -> High: 2 Medium: 2 Low: 0
A9: =IFERROR(__xludf.DUMMYFUNCTION("""COMPUTED_VALUE"""),"Dashboard") -> Dashboard | B9: =IFERROR(__xludf.DUMMYFUNCTION("""COMPUTED_VALUE"""),"Dashboard") -> Dashboard | C9: =IFERROR(__xludf.DUMMYFUNCTION("TEXTJOIN("", "", TRUE, FILTER('Main Report'!A18:A107, ('Main Report'!B18:B107=A9) * ('Main Report'!C18:C107=B9) ) ) "),"BR-020, BR-021, BR-022") -> BR-020, BR-021, BR-022 | D9: =IFERROR(__xludf.DUMMYFUNCTION("COUNTA(UNIQUE(TRANSPOSE(SPLIT(C9, "", "")))) "),3.0) -> 3 | E9: =IF(D9="", "", TEXT((D9 / 'Main Report'!$E$7), "0.00%")) -> 7.69% | F9: =IFERROR(__xludf.DUMMYFUNCTION("IF(C9="""", """", TEXTJOIN("", "", TRUE, ""High: "" & COUNTIF(FILTER('Main Report'!K18:K107, ISNUMBER(MATCH('Main Report'!A18:A107, SPLIT(C9, "", ""), 0))), ""High"") & CHAR(10) & ""Medium: "" & COUNTIF(FILTER('Main Report'!K18:K107, ISNU"&"MBER(MATCH('Main Report'!A18:A107, SPLIT(C9, "", ""), 0))), ""Medium"") & CHAR(10) & ""Low: "" & COUNTIF(FILTER('Main Report'!K18:K107, ISNUMBER(MATCH('Main Report'!A18:A107, SPLIT(C9, "", ""), 0))), ""Low"") ) ) "),"High: 3 Medium: 0 Low: 0") -> High: 3 Medium: 0 Low: 0
A10: =IFERROR(__xludf.DUMMYFUNCTION("""COMPUTED_VALUE"""),"Login") -> Login | B10: =IFERROR(__xludf.DUMMYFUNCTION("""COMPUTED_VALUE"""),"Login") -> Login | C10: =IFERROR(__xludf.DUMMYFUNCTION("TEXTJOIN("", "", TRUE, FILTER('Main Report'!A19:A108, ('Main Report'!B19:B108=A10) * ('Main Report'!C19:C108=B10) ) ) "),"BR-023") -> BR-023 | D10: =IFERROR(__xludf.DUMMYFUNCTION("COUNTA(UNIQUE(TRANSPOSE(SPLIT(C10, "", "")))) "),1.0) -> 1 | E10: =IF(D10="", "", TEXT((D10 / 'Main Report'!$E$7), "0.00%")) -> 2.56% | F10: =IFERROR(__xludf.DUMMYFUNCTION("IF(C10="""", """", TEXTJOIN("", "", TRUE, ""High: "" & COUNTIF(FILTER('Main Report'!K19:K108, ISNUMBER(MATCH('Main Report'!A19:A108, SPLIT(C10, "", ""), 0))), ""High"") & CHAR(10) & ""Medium: "" & COUNTIF(FILTER('Main Report'!K19:K108, IS"&"NUMBER(MATCH('Main Report'!A19:A108, SPLIT(C10, "", ""), 0))), ""Medium"") & CHAR(10) & ""Low: "" & COUNTIF(FILTER('Main Report'!K19:K108, ISNUMBER(MATCH('Main Report'!A19:A108, SPLIT(C10, "", ""), 0))), ""Low"") ) ) "),"High: 1 Medium: 0 Low: 0") -> High: 1 Medium: 0 Low: 0
A11: =IFERROR(__xludf.DUMMYFUNCTION("""COMPUTED_VALUE"""),"Manage Clinic") -> Manage Clinic | B11: =IFERROR(__xludf.DUMMYFUNCTION("""COMPUTED_VALUE"""),"Add Clinic") -> Add Clinic | C11: =IFERROR(__xludf.DUMMYFUNCTION("TEXTJOIN("", "", TRUE, FILTER('Main Report'!A20:A109, ('Main Report'!B20:B109=A11) * ('Main Report'!C20:C109=B11) ) ) "),"BR-024, BR-025, BR-026") -> BR-024, BR-025, BR-026 | D11: =IFERROR(__xludf.DUMMYFUNCTION("COUNTA(UNIQUE(TRANSPOSE(SPLIT(C11, "", "")))) "),3.0) -> 3 | E11: =IF(D11="", "", TEXT((D11 / 'Main Report'!$E$7), "0.00%")) -> 7.69% | F11: =IFERROR(__xludf.DUMMYFUNCTION("IF(C11="""", """", TEXTJOIN("", "", TRUE, ""High: "" & COUNTIF(FILTER('Main Report'!K20:K109, ISNUMBER(MATCH('Main Report'!A20:A109, SPLIT(C11, "", ""), 0))), ""High"") & CHAR(10) & ""Medium: "" & COUNTIF(FILTER('Main Report'!K20:K109, IS"&"NUMBER(MATCH('Main Report'!A20:A109, SPLIT(C11, "", ""), 0))), ""Medium"") & CHAR(10) & ""Low: "" & COUNTIF(FILTER('Main Report'!K20:K109, ISNUMBER(MATCH('Main Report'!A20:A109, SPLIT(C11, "", ""), 0))), ""Low"") ) ) "),"High: 2 Medium: 1 Low: 0") -> High: 2 Medium: 1 Low: 0
A12: =IFERROR(__xludf.DUMMYFUNCTION("""COMPUTED_VALUE"""),"Settings") -> Settings | B12: =IFERROR(__xludf.DUMMYFUNCTION("""COMPUTED_VALUE"""),"Profile") -> Profile | C12: =IFERROR(__xludf.DUMMYFUNCTION("TEXTJOIN("", "", TRUE, FILTER('Main Report'!A21:A110, ('Main Report'!B21:B110=A12) * ('Main Report'!C21:C110=B12) ) ) "),"BR-027, BR-028, BR-029") -> BR-027, BR-028, BR-029 | D12: =IFERROR(__xludf.DUMMYFUNCTION("COUNTA(UNIQUE(TRANSPOSE(SPLIT(C12, "", "")))) "),3.0) -> 3 | E12: =IF(D12="", "", TEXT((D12 / 'Main Report'!$E$7), "0.00%")) -> 7.69% | F12: =IFERROR(__xludf.DUMMYFUNCTION("IF(C12="""", """", TEXTJOIN("", "", TRUE, ""High: "" & COUNTIF(FILTER('Main Report'!K21:K110, ISNUMBER(MATCH('Main Report'!A21:A110, SPLIT(C12, "", ""), 0))), ""High"") & CHAR(10) & ""Medium: "" & COUNTIF(FILTER('Main Report'!K21:K110, IS"&"NUMBER(MATCH('Main Report'!A21:A110, SPLIT(C12, "", ""), 0))), ""Medium"") & CHAR(10) & ""Low: "" & COUNTIF(FILTER('Main Report'!K21:K110, ISNUMBER(MATCH('Main Report'!A21:A110, SPLIT(C12, "", ""), 0))), ""Low"") ) ) "),"High: 3 Medium: 0 Low: 0") -> High: 3 Medium: 0 Low: 0
A13: =IFERROR(__xludf.DUMMYFUNCTION("""COMPUTED_VALUE"""),"User Management") -> User Management | B13: =IFERROR(__xludf.DUMMYFUNCTION("""COMPUTED_VALUE"""),"User Management") -> User Management | C13: =IFERROR(__xludf.DUMMYFUNCTION("TEXTJOIN("", "", TRUE, FILTER('Main Report'!A22:A111, ('Main Report'!B22:B111=A13) * ('Main Report'!C22:C111=B13) ) ) "),"BR-030, BR-031, BR-032, BR-033, BR-034, BR-035, BR-036, BR-037, BR-038, BR-039") -> BR-030, BR-031, BR-032, BR-033, BR-034, BR-035, BR-036, BR-037, BR-038, BR-039 | D13: =IFERROR(__xludf.DUMMYFUNCTION("COUNTA(UNIQUE(TRANSPOSE(SPLIT(C13, "", "")))) "),10.0) -> 10 | E13: =IF(D13="", "", TEXT((D13 / 'Main Report'!$E$7), "0.00%")) -> 25.64% | F13: =IFERROR(__xludf.DUMMYFUNCTION("IF(C13="""", """", TEXTJOIN("", "", TRUE, ""High: "" & COUNTIF(FILTER('Main Report'!K22:K111, ISNUMBER(MATCH('Main Report'!A22:A111, SPLIT(C13, "", ""), 0))), ""High"") & CHAR(10) & ""Medium: "" & COUNTIF(FILTER('Main Report'!K22:K111, IS"&"NUMBER(MATCH('Main Report'!A22:A111, SPLIT(C13, "", ""), 0))), ""Medium"") & CHAR(10) & ""Low: "" & COUNTIF(FILTER('Main Report'!K22:K111, ISNUMBER(MATCH('Main Report'!A22:A111, SPLIT(C13, "", ""), 0))), ""Low"") ) ) "),"High: 8 Medium: 2 Low: 0") -> High: 8 Medium: 2 Low: 0
C14: =IFERROR(__xludf.DUMMYFUNCTION("TEXTJOIN("", "", TRUE, FILTER('Main Report'!A23:A112, ('Main Report'!B23:B112=A14) * ('Main Report'!C23:C112=B14) ) ) "),"") | E14: =IF(D14="", "", TEXT((D14 / 'Main Report'!$E$7), "0.00%")) | F14: =IFERROR(__xludf.DUMMYFUNCTION("IF(C14="""", """", TEXTJOIN("", "", TRUE, ""High: "" & COUNTIF(FILTER('Main Report'!K23:K112, ISNUMBER(MATCH('Main Report'!A23:A112, SPLIT(C14, "", ""), 0))), ""High"") & CHAR(10) & ""Medium: "" & COUNTIF(FILTER('Main Report'!K23:K112, IS"&"NUMBER(MATCH('Main Report'!A23:A112, SPLIT(C14, "", ""), 0))), ""Medium"") & CHAR(10) & ""Low: "" & COUNTIF(FILTER('Main Report'!K23:K112, ISNUMBER(MATCH('Main Report'!A23:A112, SPLIT(C14, "", ""), 0))), ""Low"") ) ) "),"")
C15: =IFERROR(__xludf.DUMMYFUNCTION("TEXTJOIN("", "", TRUE, FILTER('Main Report'!A24:A113, ('Main Report'!B24:B113=A15) * ('Main Report'!C24:C113=B15) ) ) "),"") | E15: =IF(D15="", "", TEXT((D15 / 'Main Report'!$E$7), "0.00%")) | F15: =IFERROR(__xludf.DUMMYFUNCTION("IF(C15="""", """", TEXTJOIN("", "", TRUE, ""High: "" & COUNTIF(FILTER('Main Report'!K24:K113, ISNUMBER(MATCH('Main Report'!A24:A113, SPLIT(C15, "", ""), 0))), ""High"") & CHAR(10) & ""Medium: "" & COUNTIF(FILTER('Main Report'!K24:K113, IS"&"NUMBER(MATCH('Main Report'!A24:A113, SPLIT(C15, "", ""), 0))), ""Medium"") & CHAR(10) & ""Low: "" & COUNTIF(FILTER('Main Report'!K24:K113, ISNUMBER(MATCH('Main Report'!A24:A113, SPLIT(C15, "", ""), 0))), ""Low"") ) ) "),"")
C16: =IFERROR(__xludf.DUMMYFUNCTION("TEXTJOIN("", "", TRUE, FILTER('Main Report'!A25:A114, ('Main Report'!B25:B114=A16) * ('Main Report'!C25:C114=B16) ) ) "),"") | E16: =IF(D16="", "", TEXT((D16 / 'Main Report'!$E$7), "0.00%")) | F16: =IFERROR(__xludf.DUMMYFUNCTION("IF(C16="""", """", TEXTJOIN("", "", TRUE, ""High: "" & COUNTIF(FILTER('Main Report'!K25:K114, ISNUMBER(MATCH('Main Report'!A25:A114, SPLIT(C16, "", ""), 0))), ""High"") & CHAR(10) & ""Medium: "" & COUNTIF(FILTER('Main Report'!K25:K114, IS"&"NUMBER(MATCH('Main Report'!A25:A114, SPLIT(C16, "", ""), 0))), ""Medium"") & CHAR(10) & ""Low: "" & COUNTIF(FILTER('Main Report'!K25:K114, ISNUMBER(MATCH('Main Report'!A25:A114, SPLIT(C16, "", ""), 0))), ""Low"") ) ) "),"")
C17: =IFERROR(__xludf.DUMMYFUNCTION("TEXTJOIN("", "", TRUE, FILTER('Main Report'!A26:A115, ('Main Report'!B26:B115=A17) * ('Main Report'!C26:C115=B17) ) ) "),"") | E17: =IF(D17="", "", TEXT((D17 / 'Main Report'!$E$7), "0.00%")) | F17: =IFERROR(__xludf.DUMMYFUNCTION("IF(C17="""", """", TEXTJOIN("", "", TRUE, ""High: "" & COUNTIF(FILTER('Main Report'!K26:K115, ISNUMBER(MATCH('Main Report'!A26:A115, SPLIT(C17, "", ""), 0))), ""High"") & CHAR(10) & ""Medium: "" & COUNTIF(FILTER('Main Report'!K26:K115, IS"&"NUMBER(MATCH('Main Report'!A26:A115, SPLIT(C17, "", ""), 0))), ""Medium"") & CHAR(10) & ""Low: "" & COUNTIF(FILTER('Main Report'!K26:K115, ISNUMBER(MATCH('Main Report'!A26:A115, SPLIT(C17, "", ""), 0))), ""Low"") ) ) "),"")
C18: =IFERROR(__xludf.DUMMYFUNCTION("TEXTJOIN("", "", TRUE, FILTER('Main Report'!A27:A116, ('Main Report'!B27:B116=A18) * ('Main Report'!C27:C116=B18) ) ) "),"") | E18: =IF(D18="", "", TEXT((D18 / 'Main Report'!$E$7), "0.00%")) | F18: =IFERROR(__xludf.DUMMYFUNCTION("IF(C18="""", """", TEXTJOIN("", "", TRUE, ""High: "" & COUNTIF(FILTER('Main Report'!K27:K116, ISNUMBER(MATCH('Main Report'!A27:A116, SPLIT(C18, "", ""), 0))), ""High"") & CHAR(10) & ""Medium: "" & COUNTIF(FILTER('Main Report'!K27:K116, IS"&"NUMBER(MATCH('Main Report'!A27:A116, SPLIT(C18, "", ""), 0))), ""Medium"") & CHAR(10) & ""Low: "" & COUNTIF(FILTER('Main Report'!K27:K116, ISNUMBER(MATCH('Main Report'!A27:A116, SPLIT(C18, "", ""), 0))), ""Low"") ) ) "),"")
C19: =IFERROR(__xludf.DUMMYFUNCTION("TEXTJOIN("", "", TRUE, FILTER('Main Report'!A28:A117, ('Main Report'!B28:B117=A19) * ('Main Report'!C28:C117=B19) ) ) "),"") | E19: =IF(D19="", "", TEXT((D19 / 'Main Report'!$E$7), "0.00%")) | F19: =IFERROR(__xludf.DUMMYFUNCTION("IF(C19="""", """", TEXTJOIN("", "", TRUE, ""High: "" & COUNTIF(FILTER('Main Report'!K28:K117, ISNUMBER(MATCH('Main Report'!A28:A117, SPLIT(C19, "", ""), 0))), ""High"") & CHAR(10) & ""Medium: "" & COUNTIF(FILTER('Main Report'!K28:K117, IS"&"NUMBER(MATCH('Main Report'!A28:A117, SPLIT(C19, "", ""), 0))), ""Medium"") & CHAR(10) & ""Low: "" & COUNTIF(FILTER('Main Report'!K28:K117, ISNUMBER(MATCH('Main Report'!A28:A117, SPLIT(C19, "", ""), 0))), ""Low"") ) ) "),"")
C20: =IFERROR(__xludf.DUMMYFUNCTION("TEXTJOIN("", "", TRUE, FILTER('Main Report'!A29:A118, ('Main Report'!B29:B118=A20) * ('Main Report'!C29:C118=B20) ) ) "),"") | E20: =IF(D20="", "", TEXT((D20 / 'Main Report'!$E$7), "0.00%")) | F20: =IFERROR(__xludf.DUMMYFUNCTION("IF(C20="""", """", TEXTJOIN("", "", TRUE, ""High: "" & COUNTIF(FILTER('Main Report'!K29:K118, ISNUMBER(MATCH('Main Report'!A29:A118, SPLIT(C20, "", ""), 0))), ""High"") & CHAR(10) & ""Medium: "" & COUNTIF(FILTER('Main Report'!K29:K118, IS"&"NUMBER(MATCH('Main Report'!A29:A118, SPLIT(C20, "", ""), 0))), ""Medium"") & CHAR(10) & ""Low: "" & COUNTIF(FILTER('Main Report'!K29:K118, ISNUMBER(MATCH('Main Report'!A29:A118, SPLIT(C20, "", ""), 0))), ""Low"") ) ) "),"")
C21: =IFERROR(__xludf.DUMMYFUNCTION("TEXTJOIN("", "", TRUE, FILTER('Main Report'!A30:A119, ('Main Report'!B30:B119=A21) * ('Main Report'!C30:C119=B21) ) ) "),"") | E21: =IF(D21="", "", TEXT((D21 / 'Main Report'!$E$7), "0.00%")) | F21: =IFERROR(__xludf.DUMMYFUNCTION("IF(C21="""", """", TEXTJOIN("", "", TRUE, ""High: "" & COUNTIF(FILTER('Main Report'!K30:K119, ISNUMBER(MATCH('Main Report'!A30:A119, SPLIT(C21, "", ""), 0))), ""High"") & CHAR(10) & ""Medium: "" & COUNTIF(FILTER('Main Report'!K30:K119, IS"&"NUMBER(MATCH('Main Report'!A30:A119, SPLIT(C21, "", ""), 0))), ""Medium"") & CHAR(10) & ""Low: "" & COUNTIF(FILTER('Main Report'!K30:K119, ISNUMBER(MATCH('Main Report'!A30:A119, SPLIT(C21, "", ""), 0))), ""Low"") ) ) "),"")

Sheet Tahsin
A2: Tester : | D2: Severity | E2: Issues
A3: Project Name: | D3: High | E3: =COUNTIF(K14:K1005, "High") -> 0
A4: Project URL: | D4: Medium | E4: =COUNTIF(K14:K1006, "Medium") -> 0
A5: Developer: | D5: Low | E5: =COUNTIF(K14:K1007, "Low") -> 0
A6: OS:
A7: Environment | D7: Total Test Cases: | E7: =SUM(E3:E5) -> 0
D8: Test Case Solved :
A14: Test Case ID | B14: Module | C14: Sub Module | D14: Test Case Description | E14: Preconditions | F14: Test Steps | G14: Test Data | H14: Expected Result | I14: Actual Result | J14: Status | K14: Severity | L14: Screen Shots | M14: Suggestion | N14: Feedback
