Workbook

Sheet Main Report
A2: Tester : | B2: Mohammed Fahad Faisal | D2: Severity | E2: Issues
A3: Project Name: | B3: Thai Massage | D3: High | E3: =COUNTIF(Tahsin!K14:K1005, "High") + COUNTIF(Fahad!K8:K1004, "High") -> 17
A4: Project URL: | D4: Medium | E4: =COUNTIF(Tahsin!K14:K1006, "Medium") + COUNTIF(Fahad!K8:K1005, "Medium") -> 9
A5: Developer: | B5: AI Venture | D5: Low | E5: =COUNTIF(Fahad!K8:K1006, "Low") + COUNTIF(Tahsin!K14:K1009, "Low") -> 21
A6: OS:
A7: Environment | D7: Total Test Cases: | E7: =SUM(E3:E5) -> 47
D8: Test Case Solved : | E8: =COUNTIF(O11:O1003, "Solved") -> 16
A10: Test Case ID | B10: Module | C10: Sub Module | D10: Test Case Description | E10: Preconditions | F10: Test Steps | G10: Test Data | H10: Expected Result | I10: Actual Result | J10: Status | K10: Severity | L10: Screen Shots | M10: Suggestion | N10: Tester | O10: Feedback | P10: Comment
A11: BR-001 | B11: =IFERROR(__xludf.DUMMYFUNCTION("QUERY( { ARRAYFORMULA({TRIM(Fahad!B8:B999), Fahad!C8:M999, IF(LEN(Fahad!B8:B999), ""Fahad"", """")}); ARRAYFORMULA({TRIM(Tahsin!B15:B999), Tahsin!C15:M999, IF(LEN(Tahsin!B15:B999), ""Tahsin"", """")}) }, ""SELECT * WHERE Col1 IS NOT NULL ORD"&"ER BY Col1 ASC, Col2 ASC"", 0 ) "),"Client (APK)") -> Client (APK) | C11: =IFERROR(__xludf.DUMMYFUNCTION("""COMPUTED_VALUE"""),"Add card") -> Add card | D11: =IFERROR(__xludf.DUMMYFUNCTION("""COMPUTED_VALUE"""),"Simplify the card addition bar in the mobile app.") -> Simplify the card addition bar in the mobile app. | E11: =IFERROR(__xludf.DUMMYFUNCTION("""COMPUTED_VALUE"""),"The user needs to have the APK running on their mobile device.") -> The user needs to have the APK running on their mobile device. | F11: =IFERROR(__xludf.DUMMYFUNCTION("""COMPUTED_VALUE"""),"1. Open app 2. Click on Client button 3. Login using valid credential 4. Goto profile section 5. Click on Add payment methode") -> 1. Open app 2. Click on Client button 3. Login using valid credential 4. Goto profile section 5. Click on Add payment methode | G11: =IFERROR(__xludf.DUMMYFUNCTION("""COMPUTED_VALUE"""),"email: itcrlbmzxpfmfowcfe@xfavaj.com password: 1122334455") -> email: itcrlbmzxpfmfowcfe@xfavaj.com password: 1122334455 | H11: =IFERROR(__xludf.DUMMYFUNCTION("""COMPUTED_VALUE"""),"All payment card gateways should be clearly visible to the client.") -> All payment card gateways should be clearly visible to the client. | I11: =IFERROR(__xludf.DUMMYFUNCTION("""COMPUTED_VALUE"""),"A reduction in the payment card border has been observed.") -> A reduction in the payment card border has been observed. | J11: =IFERROR(__xludf.DUMMYFUNCTION("""COMPUTED_VALUE"""),"Fail") -> Fail | K11: =IFERROR(__xludf.DUMMYFUNCTION("""COMPUTED_VALUE"""),"Medium") -> Medium | L11: =IFERROR(__xludf.DUMMYFUNCTION("""COMPUTED_VALUE"""),"https://drive.google.com/file/d/1u29w_Wa7h4bOdm9m9WXAH4cPvm-ZdEVi/view?usp=drive_link") -> https://drive.google.com/file/d/1u29w_Wa7h4bOdm9m9WXAH4cPvm-ZdEVi/view?usp=drive_link | N11: =IFERROR(__xludf.DUMMYFUNCTION("""COMPUTED_VALUE"""),"Fahad") -> Fahad
A12: BR-002 | B12: =IFERROR(__xludf.DUMMYFUNCTION("""COMPUTED_VALUE"""),"Client (APK)") -> Client (APK) | C12: =IFERROR(__xludf.DUMMYFUNCTION("""COMPUTED_VALUE"""),"Appointment") -> Appointment | D12: =IFERROR(__xludf.DUMMYFUNCTION("""COMPUTED_VALUE"""),"The location details input field is slightly different from the client's requirements.") -> The location details input field is slightly different from the client's requirements. | E12: =IFERROR(__xludf.DUMMYFUNCTION("""COMPUTED_VALUE"""),"The user needs to have the APK running on their mobile device.") -> The user needs to have the APK running on their mobile device. | F12: =IFERROR(__xludf.DUMMYFUNCTION("""COMPUTED_VALUE"""),"1. Open app 2. Click on Client button 3. Login using valid credential 4. Goto Appointment Section") -> 1. Open app 2. Click on Client button 3. Login using valid credential 4. Goto Appointment Section | G12: =IFERROR(__xludf.DUMMYFUNCTION("""COMPUTED_VALUE"""),"email: lowovip595@elobits.com password: 112244557788") -> email: lowovip595@elobits.com password: 112244557788 | H12: =IFERROR(__xludf.DUMMYFUNCTION("""COMPUTED_VALUE"""),"Alignment and design should match the client's requirements.") -> Alignment and design should match the client's requirements. | I12: =IFERROR(__xludf.DUMMYFUNCTION("""COMPUTED_VALUE"""),"A different design and layout have been observed.") -> A different design and layout have been observed. | J12: =IFERROR(__xludf.DUMMYFUNCTION("""COMPUTED_VALUE"""),"Fail") -> Fail | K12: =IFERROR(__xludf.DUMMYFUNCTION("""COMPUTED_VALUE"""),"Low") -> Low | L12: =IFERROR(__xludf.DUMMYFUNCTION("""COMPUTED_VALUE"""),"https://drive.google.com/file/d/1F6zNQsG49gDUpfguLk-u9nFlyuXhBEkF/view?usp=drive_link") -> https://drive.google.com/file/d/1F6zNQsG49gDUpfguLk-u9nFlyuXhBEkF/view?usp=drive_link | N12: =IFERROR(__xludf.DUMMYFUNCTION("""COMPUTED_VALUE"""),"Fahad") -> Fahad | O12: Solved
A13: BR-003 | B13: =IFERROR(__xludf.DUMMYFUNCTION("""COMPUTED_VALUE"""),"Client (APK)") -> Client (APK) | C13: =IFERROR(__xludf.DUMMYFUNCTION("""COMPUTED_VALUE"""),"Appointment") -> Appointment | D13: =IFERROR(__xludf.DUMMYFUNCTION("""COMPUTED_VALUE"""),"The age preference does not align with the client requirement.") -> The age preference does not align with the client requirement. | E13: =IFERROR(__xludf.DUMMYFUNCTION("""COMPUTED_VALUE"""),"The user needs to have the APK running on their mobile device.") -> The user needs to have the APK running on their mobile device. | F13: =IFERROR(__xludf.DUMMYFUNCTION("""COMPUTED_VALUE"""),"1. Open app 2. Click on Client button 3. Login using valid credential 4. Goto Appointment Section") -> 1. Open app 2. Click on Client button 3. Login using valid credential 4. Goto Appointment Section | G13: =IFERROR(__xludf.DUMMYFUNCTION("""COMPUTED_VALUE"""),"email: lowovip595@elobits.com password: 112244557788") -> email: lowovip595@elobits.com password: 112244557788 | H13: =IFERROR(__xludf.DUMMYFUNCTION("""COMPUTED_VALUE"""),"Alignment and design should match the client's requirements.") -> Alignment and design should match the client's requirements. | I13: =IFERROR(__xludf.DUMMYFUNCTION("""COMPUTED_VALUE"""),"A different design and layout have been observed.") -> A different design and layout have been observed. | J13: =IFERROR(__xludf.DUMMYFUNCTION("""COMPUTED_VALUE"""),"Fail") -> Fail | K13: =IFERROR(__xludf.DUMMYFUNCTION("""COMPUTED_VALUE"""),"Low") -> Low | L13: =IFERROR(__xludf.DUMMYFUNCTION("""COMPUTED_VALUE"""),"https://drive.google.com/file/d/1loH6gbOEVYxwdpQtNm0INqLyHo92xJbM/view?usp=drive_link") -> https://drive.google.com/file/d/1loH6gbOEVYxwdpQtNm0INqLyHo92xJbM/view?usp=drive_link | N13: =IFERROR(__xludf.DUMMYFUNCTION("""COMPUTED_VALUE"""),"Fahad") -> Fahad | O13: Solved
A14: BR-004 | B14: =IFERROR(__xludf.DUMMYFUNCTION("""COMPUTED_VALUE"""),"Client (APK)") -> Client (APK) | C14: =IFERROR(__xludf.DUMMYFUNCTION("""COMPUTED_VALUE"""),"Appointment") -> Appointment | D14: =IFERROR(__xludf.DUMMYFUNCTION("""COMPUTED_VALUE"""),"Error bars on selected therapist schedules") -> Error bars on selected therapist schedules | E14: =IFERROR(__xludf.DUMMYFUNCTION("""COMPUTED_VALUE"""),"The user needs to have the APK running on their mobile device.") -> The user needs to have the APK running on their mobile device. | F14: =IFERROR(__xludf.DUMMYFUNCTION("""COMPUTED_VALUE"""),"1. Open app 2. Click on Client button 3. Login using valid credential 4. Goto Appointment Section") -> 1. Open app 2. Click on Client button 3. Login using valid credential 4. Goto Appointment Section | G14: =IFERROR(__xludf.DUMMYFUNCTION("""COMPUTED_VALUE"""),"email: lowovip595@elobits.com password: 112244557788") -> email: lowovip595@elobits.com password: 112244557788 | H14: =IFERROR(__xludf.DUMMYFUNCTION("""COMPUTED_VALUE"""),"The error bar should not be visible on the client side.") -> The error bar should not be visible on the client side. | I14: =IFERROR(__xludf.DUMMYFUNCTION("""COMPUTED_VALUE"""),"An error bar on the ""Done"" button in the select schedule section has been identified.") -> An error bar on the "Done" button in the select schedule section has been identified. | J14: =IFERROR(__xludf.DUMMYFUNCTION("""COMPUTED_VALUE"""),"Fail") -> Fail | K14: =IFERROR(__xludf.DUMMYFUNCTION("""COMPUTED_VALUE"""),"Medium") -> Medium | L14: =IFERROR(__xludf.DUMMYFUNCTION("""COMPUTED_VALUE"""),"https://drive.google.com/file/d/1IeVWxa2y6sKCMgIvz9n6y_GsWL13OHBt/view?usp=drive_link") -> https://drive.google.com/file/d/1IeVWxa2y6sKCMgIvz9n6y_GsWL13OHBt/view?usp=drive_link | N14: =IFERROR(__xludf.DUMMYFUNCTION("""COMPUTED_VALUE"""),"Fahad") -> Fahad | O14: Solved
A15: BR-005 | B15: =IFERROR(__xludf.DUMMYFUNCTION("""COMPUTED_VALUE"""),"Client (APK)") -> Client (APK) | C15: =IFERROR(__xludf.DUMMYFUNCTION("""COMPUTED_VALUE"""),"Appointment") -> Appointment | D15: =IFERROR(__xludf.DUMMYFUNCTION("""COMPUTED_VALUE"""),"The agree button overlaps with the section bar.") -> The agree button overlaps with the section bar. | E15: =IFERROR(__xludf.DUMMYFUNCTION("""COMPUTED_VALUE"""),"The user needs to have the APK running on their mobile device.") -> The user needs to have the APK running on their mobile device. | F15: =IFERROR(__xludf.DUMMYFUNCTION("""COMPUTED_VALUE"""),"1. Open app 2. Click on Client button 3. Login using valid credential 4. Goto Appointment Section") -> 1. Open app 2. Click on Client button 3. Login using valid credential 4. Goto Appointment Section | G15: =IFERROR(__xludf.DUMMYFUNCTION("""COMPUTED_VALUE"""),"email: lowovip595@elobits.com password: 112244557788") -> email: lowovip595@elobits.com password: 112244557788 | H15: =IFERROR(__xludf.DUMMYFUNCTION("""COMPUTED_VALUE"""),"The field shadow effect should not exceed its boundary.") -> The field shadow effect should not exceed its boundary. | I15: =IFERROR(__xludf.DUMMYFUNCTION("""COMPUTED_VALUE"""),"The cross-boundary effect has been observed.") -> The cross-boundary effect has been observed. | J15: =IFERROR(__xludf.DUMMYFUNCTION("""COMPUTED_VALUE"""),"Fail") -> Fail | K15: =IFERROR(__xludf.DUMMYFUNCTION("""COMPUTED_VALUE"""),"Low") -> Low | L15: =IFERROR(__xludf.DUMMYFUNCTION("""COMPUTED_VALUE"""),"https://drive.google.com/file/d/1haRoWx_fzP2CktG0LbdGtOVcBGkZOyAs/view?usp=drive_link") -> https://drive.google.com/file/d/1haRoWx_fzP2CktG0LbdGtOVcBGkZOyAs/view?usp=drive_link | N15: =IFERROR(__xludf.DUMMYFUNCTION("""COMPUTED_VALUE"""),"Fahad") -> Fahad | O15: Solved
A16: BR-006 | B16: =IFERROR(__xludf.DUMMYFUNCTION("""COMPUTED_VALUE"""),"Client (APK)") -> Client (APK) | C16: =IFERROR(__xludf.DUMMYFUNCTION("""COMPUTED_VALUE"""),"Appointment") -> Appointment | D16: =IFERROR(__xludf.DUMMYFUNCTION("""COMPUTED_VALUE"""),"The layout varies for questions about medical appointments.") -> The layout varies for questions about medical appointments. | E16: =IFERROR(__xludf.DUMMYFUNCTION("""COMPUTED_VALUE"""),"The user needs to have the APK running on their mobile device.") -> The user needs to have the APK running on their mobile device. | F16: =IFERROR(__xludf.DUMMYFUNCTION("""COMPUTED_VALUE"""),"1. Open app 2. Click on Client button 3. Login using valid credential 4. Goto Appointment Section 5. After select required fields, goto medical questions") -> 1. Open app 2. Click on Client button 3. Login using valid credential 4. Goto Appointment Section 5. After select required fields, goto medical questions | G16: =IFERROR(__xludf.DUMMYFUNCTION("""COMPUTED_VALUE"""),"email: lowovip595@elobits.com password: 112244557788") -> email: lowovip595@elobits.com password: 112244557788 | H16: =IFERROR(__xludf.DUMMYFUNCTION("""COMPUTED_VALUE"""),"Alignment and design should match the client's requirements.") -> Alignment and design should match the client's requirements. | I16: =IFERROR(__xludf.DUMMYFUNCTION("""COMPUTED_VALUE"""),"A different design and layout have been observed.") -> A different design and layout have been observed. | J16: =IFERROR(__xludf.DUMMYFUNCTION("""COMPUTED_VALUE"""),"Fail") -> Fail | K16: =IFERROR(__xludf.DUMMYFUNCTION("""COMPUTED_VALUE"""),"Low") -> Low | L16: =IFERROR(__xludf.DUMMYFUNCTION("""COMPUTED_VALUE"""),"https://drive.google.com/file/d/15VG_T_k1OUzSG0xdJjXgTgkniEmLBDiK/view?usp=drive_link") -> https://drive.google.com/file/d/15VG_T_k1OUzSG0xdJjXgTgkniEmLBDiK/view?usp=drive_link | N16: =IFERROR(__xludf.DUMMYFUNCTION("""COMPUTED_VALUE"""),"Fahad") -> Fahad | O16: Solved
A17: BR-007 | B17: =IFERROR(__xludf.DUMMYFUNCTION("""COMPUTED_VALUE"""),"Client (APK)") -> Client (APK) | C17: =IFERROR(__xludf.DUMMYFUNCTION("""COMPUTED_VALUE"""),"Appointment") -> Appointment | D17: =IFERROR(__xludf.DUMMYFUNCTION("""COMPUTED_VALUE"""),"The button layout does not match the client's requirements.") -> The button layout does not match the client's requirements. | E17: =IFERROR(__xludf.DUMMYFUNCTION("""COMPUTED_VALUE"""),"The user needs to have the APK running on their mobile device.") -> The user needs to have the APK running on their mobile device. | F17: =IFERROR(__xludf.DUMMYFUNCTION("""COMPUTED_VALUE"""),"1. Open app 2. Click on Client button 3. Login using valid credential 4. Goto Appointment Section 5. After select required fields, goto medical questions") -> 1. Open app 2. Click on Client button 3. Login using valid credential 4. Goto Appointment Section 5. After select required fields, goto medical questions | G17: =IFERROR(__xludf.DUMMYFUNCTION("""COMPUTED_VALUE"""),"email: lowovip595@elobits.com password: 112244557788") -> email: lowovip595@elobits.com password: 112244557788 | H17: =IFERROR(__xludf.DUMMYFUNCTION("""COMPUTED_VALUE"""),"Alignment and design should match the client's requirements.") -> Alignment and design should match the client's requirements. | I17: =IFERROR(__xludf.DUMMYFUNCTION("""COMPUTED_VALUE"""),"A different design and layout have been observed.") -> A different design and layout have been observed. | J17: =IFERROR(__xludf.DUMMYFUNCTION("""COMPUTED_VALUE"""),"Fail") -> Fail | K17: =IFERROR(__xludf.DUMMYFUNCTION("""COMPUTED_VALUE"""),"Low") -> Low | L17: =IFERROR(__xludf.DUMMYFUNCTION("""COMPUTED_VALUE"""),"https://drive.google.com/file/d/13exhdxanyYbRnL4ACc2CJe65OBwTpcvO/view?usp=drive_link") -> https://drive.google.com/file/d/13exhdxanyYbRnL4ACc2CJe65OBwTpcvO/view?usp=drive_link | N17: =IFERROR(__xludf.DUMMYFUNCTION("""COMPUTED_VALUE"""),"Fahad") -> Fahad | O17: Solved
A18: BR-008 | B18: =IFERROR(__xludf.DUMMYFUNCTION("""COMPUTED_VALUE"""),"Client (APK)") -> Client (APK) | C18: =IFERROR(__xludf.DUMMYFUNCTION("""COMPUTED_VALUE"""),"Appointment") -> Appointment | D18: =IFERROR(__xludf.DUMMYFUNCTION("""COMPUTED_VALUE"""),"The button layout does not match the client's requirements.") -> The button layout does not match the client's requirements. | E18: =IFERROR(__xludf.DUMMYFUNCTION("""COMPUTED_VALUE"""),"The user needs to have the APK running on their mobile device.") -> The user needs to have the APK running on their mobile device. | F18: =IFERROR(__xludf.DUMMYFUNCTION("""COMPUTED_VALUE"""),"1. Open app 2. Click on Client button 3. Login using valid credential 4. Goto Appointment Section 5. After select required fields, goto medical questions") -> 1. Open app 2. Click on Client button 3. Login using valid credential 4. Goto Appointment Section 5. After select required fields, goto medical questions | G18: =IFERROR(__xludf.DUMMYFUNCTION("""COMPUTED_VALUE"""),"email: lowovip595@elobits.com password: 112244557788") -> email: lowovip595@elobits.com password: 112244557788 | H18: =IFERROR(__xludf.DUMMYFUNCTION("""COMPUTED_VALUE"""),"Alignment and design should match the client's requirements.") -> Alignment and design should match the client's requirements. | I18: =IFERROR(__xludf.DUMMYFUNCTION("""COMPUTED_VALUE"""),"A different design and layout have been observed.") -> A different design and layout have been observed. | J18: =IFERROR(__xludf.DUMMYFUNCTION("""COMPUTED_VALUE"""),"Fail") -> Fail | K18: =IFERROR(__xludf.DUMMYFUNCTION("""COMPUTED_VALUE"""),"Low") -> Low | L18: =IFERROR(__xludf.DUMMYFUNCTION("""COMPUTED_VALUE"""),"https://drive.google.com/file/d/1nkwEoAO2orWPxnW4t-8bcBiKzHGDoJ3k/view?usp=drive_link") -> https://drive.google.com/file/d/1nkwEoAO2orWPxnW4t-8bcBiKzHGDoJ3k/view?usp=drive_link | N18: =IFERROR(__xludf.DUMMYFUNCTION("""COMPUTED_VALUE"""),"Fahad") -> Fahad | O18: Solved
A19: BR-009 | B19: =IFERROR(__xludf.DUMMYFUNCTION("""COMPUTED_VALUE"""),"Client (APK)") -> Client (APK) | C19: =IFERROR(__xludf.DUMMYFUNCTION("""COMPUTED_VALUE"""),"Appointment") -> Appointment | D19: =IFERROR(__xludf.DUMMYFUNCTION("""COMPUTED_VALUE"""),"The button layout does not match the client's requirements.") -> The button layout does not match the client's requirements. | E19: =IFERROR(__xludf.DUMMYFUNCTION("""COMPUTED_VALUE"""),"The user needs to have the APK running on their mobile device.") -> The user needs to have the APK running on their mobile device. | F19: =IFERROR(__xludf.DUMMYFUNCTION("""COMPUTED_VALUE"""),"1. Open app 2. Click on Client button 3. Login using valid credential 4. Goto Appointment Section 5. After select required fields, goto medical questions") -> 1. Open app 2. Click on Client button 3. Login using valid credential 4. Goto Appointment Section 5. After select required fields, goto medical questions | G19: =IFERROR(__xludf.DUMMYFUNCTION("""COMPUTED_VALUE"""),"email: lowovip595@elobits.com password: 112244557788") -> email: lowovip595@elobits.com password: 112244557788 | H19: =IFERROR(__xludf.DUMMYFUNCTION("""COMPUTED_VALUE"""),"Alignment and design should match the client's requirements.") -> Alignment and design should match the client's requirements. | I19: =IFERROR(__xludf.DUMMYFUNCTION("""COMPUTED_VALUE"""),"A different design and layout have been observed.") -> A different design and layout have been observed. | J19: =IFERROR(__xludf.DUMMYFUNCTION("""COMPUTED_VALUE"""),"Fail") -> Fail | K19: =IFERROR(__xludf.DUMMYFUNCTION("""COMPUTED_VALUE"""),"Low") -> Low | L19: =IFERROR(__xludf.DUMMYFUNCTION("""COMPUTED_VALUE"""),"https://drive.google.com/file/d/14x0H8Cj1yGkq9nIRIMEkEh_BrqGUHyb1/view?usp=drive_link") -> https://drive.google.com/file/d/14x0H8Cj1yGkq9nIRIMEkEh_BrqGUHyb1/view?usp=drive_link | N19: =IFERROR(__xludf.DUMMYFUNCTION("""COMPUTED_VALUE"""),"Fahad") -> Fahad | O19: Solved
A20: BR-010 | B20: =IFERROR(__xludf.DUMMYFUNCTION("""COMPUTED_VALUE"""),"Client (APK)") -> Client (APK) | C20: =IFERROR(__xludf.DUMMYFUNCTION("""COMPUTED_VALUE"""),"Appointment") -> Appointment | D20: =IFERROR(__xludf.DUMMYFUNCTION("""COMPUTED_VALUE"""),"The button layout does not match the client's requirements.") -> The button layout does not match the client's requirements. | E20: =IFERROR(__xludf.DUMMYFUNCTION("""COMPUTED_VALUE"""),"The user needs to have the APK running on their mobile device.") -> The user needs to have the APK running on their mobile device. | F20: =IFERROR(__xludf.DUMMYFUNCTION("""COMPUTED_VALUE"""),"1. Open app 2. Click on Client button 3. Login using valid credential 4. Goto Appointment Section 5. After select required fields, goto medical questions") -> 1. Open app 2. Click on Client button 3. Login using valid credential 4. Goto Appointment Section 5. After select required fields, goto medical questions | G20: =IFERROR(__xludf.DUMMYFUNCTION("""COMPUTED_VALUE"""),"email: lowovip595@elobits.com password: 112244557788") -> email: lowovip595@elobits.com password: 112244557788 | H20: =IFERROR(__xludf.DUMMYFUNCTION("""COMPUTED_VALUE"""),"Medical questions should be properly submitted without any issues.") -> Medical questions should be properly submitted without any issues. | I20: =IFERROR(__xludf.DUMMYFUNCTION("""COMPUTED_VALUE"""),"Unable to submit client medical questions via the app.") -> Unable to submit client medical questions via the app. | J20: =IFERROR(__xludf.DUMMYFUNCTION("""COMPUTED_VALUE"""),"Fail") -> Fail | K20: =IFERROR(__xludf.DUMMYFUNCTION("""COMPUTED_VALUE"""),"High") -> High | L20: =IFERROR(__xludf.DUMMYFUNCTION("""COMPUTED_VALUE"""),"https://drive.google.com/file/d/1NY-OIs6XpToQOBkdBXzOT54gHBKu1Cqs/view?usp=drive_link") -> https://drive.google.com/file/d/1NY-OIs6XpToQOBkdBXzOT54gHBKu1Cqs/view?usp=drive_link | N20: =IFERROR(__xludf.DUMMYFUNCTION("""COMPUTED_VALUE"""),"Fahad") -> Fahad | O20: Solved
A21: BR-011 | B21: =IFERROR(__xludf.DUMMYFUNCTION("""COMPUTED_VALUE"""),"Client (APK)") -> Client (APK) | C21: =IFERROR(__xludf.DUMMYFUNCTION("""COMPUTED_VALUE"""),"Bookings") -> Bookings | D21: =IFERROR(__xludf.DUMMYFUNCTION("""COMPUTED_VALUE"""),"There seems to be an alignment issue.") -> There seems to be an alignment issue. | E21: =IFERROR(__xludf.DUMMYFUNCTION("""COMPUTED_VALUE"""),"The user needs to have the APK running on their mobile device.") -> The user needs to have the APK running on their mobile device. | F21: =IFERROR(__xludf.DUMMYFUNCTION("""COMPUTED_VALUE"""),"1. Open app 2. Click on Client button 3. Login using valid credential 4. Goto Home page 5. Click on Bookings") -> 1. Open app 2. Click on Client button 3. Login using valid credential 4. Goto Home page 5. Click on Bookings | G21: =IFERROR(__xludf.DUMMYFUNCTION("""COMPUTED_VALUE"""),"email: lowovip595@elobits.com password: 112244557788") -> email: lowovip595@elobits.com password: 112244557788 | H21: =IFERROR(__xludf.DUMMYFUNCTION("""COMPUTED_VALUE"""),"Alignment and design should match the client's requirements.") -> Alignment and design should match the client's requirements. | I21: =IFERROR(__xludf.DUMMYFUNCTION("""COMPUTED_VALUE"""),"A different design and layout have been observed.") -> A different design and layout have been observed. | J21: =IFERROR(__xludf.DUMMYFUNCTION("""COMPUTED_VALUE"""),"Fail") -> Fail | K21: =IFERROR(__xludf.DUMMYFUNCTION("""COMPUTED_VALUE"""),"Low") -> Low | L21: =IFERROR(__xludf.DUMMYFUNCTION("""COMPUTED_VALUE"""),"https://drive.google.com/file/d/1XULhwCogBaakOiUDnvk7CeZvdJsu3sA8/view?usp=drive_link") -> https://drive.google.com/file/d/1XULhwCogBaakOiUDnvk7CeZvdJsu3sA8/view?usp=drive_link | N21: =IFERROR(__xludf.DUMMYFUNCTION("""COMPUTED_VALUE"""),"Fahad") -> Fahad | O21: Unsolved
A22: BR-012 | B22: =IFERROR(__xludf.DUMMYFUNCTION("""COMPUTED_VALUE"""),"Client (APK)") -> Client (APK) | C22: =IFERROR(__xludf.DUMMYFUNCTION("""COMPUTED_VALUE"""),"Bookings") -> Bookings | D22: =IFERROR(__xludf.DUMMYFUNCTION("""COMPUTED_VALUE"""),"There seems to be an alignment issue.") -> There seems to be an alignment issue. | E22: =IFERROR(__xludf.DUMMYFUNCTION("""COMPUTED_VALUE"""),"The user needs to have the APK running on their mobile device.") -> The user needs to have the APK running on their mobile device. | F22: =IFERROR(__xludf.DUMMYFUNCTION("""COMPUTED_VALUE"""),"1. Open app 2. Click on Client button 3. Login using valid credential 4. Goto Home page 5. Click on Bookings") -> 1. Open app 2. Click on Client button 3. Login using valid credential 4. Goto Home page 5. Click on Bookings | G22: =IFERROR(__xludf.DUMMYFUNCTION("""COMPUTED_VALUE"""),"email: lowovip595@elobits.com password: 112244557788") -> email: lowovip595@elobits.com password: 112244557788 | H22: =IFERROR(__xludf.DUMMYFUNCTION("""COMPUTED_VALUE"""),"Alignment and design should match the client's requirements.") -> Alignment and design should match the client's requirements. | I22: =IFERROR(__xludf.DUMMYFUNCTION("""COMPUTED_VALUE"""),"A different design and layout have been observed.") -> A different design and layout have been observed. | J22: =IFERROR(__xludf.DUMMYFUNCTION("""COMPUTED_VALUE"""),"Fail") -> Fail | K22: =IFERROR(__xludf.DUMMYFUNCTION("""COMPUTED_VALUE"""),"Low") -> Low | L22: =IFERROR(__xludf.DUMMYFUNCTION("""COMPUTED_VALUE"""),"https://drive.google.com/file/d/1ZMLGhPiBHCYWW_rYz_vdbn7yGqNo7ufB/view?usp=drive_link") -> https://drive.google.com/file/d/1ZMLGhPiBHCYWW_rYz_vdbn7yGqNo7ufB/view?usp=drive_link | N22: =IFERROR(__xludf.DUMMYFUNCTION("""COMPUTED_VALUE"""),"Fahad") -> Fahad | O22: Solved
A23: BR-013 | B23: =IFERROR(__xludf.DUMMYFUNCTION("""COMPUTED_VALUE"""),"Client (APK)") -> Client (APK) | C23: =IFERROR(__xludf.DUMMYFUNCTION("""COMPUTED_VALUE"""),"Bookings") -> Bookings | D23: =IFERROR(__xludf.DUMMYFUNCTION("""COMPUTED_VALUE"""),"The review option is missing in the booking.") -> The review option is missing in the booking. | E23: =IFERROR(__xludf.DUMMYFUNCTION("""COMPUTED_VALUE"""),"The user needs to have the APK running on their mobile device.") -> The user needs to have the APK running on their mobile device. | F23: =IFERROR(__xludf.DUMMYFUNCTION("""COMPUTED_VALUE"""),"1. Open app 2. Click on Client button 3. Login using valid credential 4. Goto Home page 5. Click on Bookings") -> 1. Open app 2. Click on Client button 3. Login using valid credential 4. Goto Home page 5. Click on Bookings | G23: =IFERROR(__xludf.DUMMYFUNCTION("""COMPUTED_VALUE"""),"email: lowovip595@elobits.com password: 112244557788") -> email: lowovip595@elobits.com password: 112244557788 | H23: =IFERROR(__xludf.DUMMYFUNCTION("""COMPUTED_VALUE"""),"Users should have the option to rate their therapist in the booking section after receiving therapy.") -> Users should have the option to rate their therapist in the booking section after receiving therapy. | I23: =IFERROR(__xludf.DUMMYFUNCTION("""COMPUTED_VALUE"""),"Missing review option found.") -> Missing review option found. | J23: =IFERROR(__xludf.DUMMYFUNCTION("""COMPUTED_VALUE"""),"Fail") -> Fail | K23: =IFERROR(__xludf.DUMMYFUNCTION("""COMPUTED_VALUE"""),"Medium") -> Medium | L23: =IFERROR(__xludf.DUMMYFUNCTION("""COMPUTED_VALUE"""),"https://drive.google.com/file/d/1fdwYRTVFwtxj4a2cQUcNE-JxcPItyks3/view?usp=drive_link") -> https://drive.google.com/file/d/1fdwYRTVFwtxj4a2cQUcNE-JxcPItyks3/view?usp=drive_link | N23: =IFERROR(__xludf.DUMMYFUNCTION("""COMPUTED_VALUE"""),"Fahad") -> Fahad | O23: Solved
A24: BR-014 | B24: =IFERROR(__xludf.DUMMYFUNCTION("""COMPUTED_VALUE"""),"Client (APK)") -> Client (APK) | C24: =IFERROR(__xludf.DUMMYFUNCTION("""COMPUTED_VALUE"""),"Bookings") -> Bookings | D24: =IFERROR(__xludf.DUMMYFUNCTION("""COMPUTED_VALUE"""),"Cancellation policy alignment and design concern.") -> Cancellation policy alignment and design concern. | E24: =IFERROR(__xludf.DUMMYFUNCTION("""COMPUTED_VALUE"""),"The user needs to have the APK running on their mobile device.") -> The user needs to have the APK running on their mobile device. | F24: =IFERROR(__xludf.DUMMYFUNCTION("""COMPUTED_VALUE"""),"1. Open app 2. Click on Client button 3. Login using valid credential 4. Goto Home page 5. Click on Bookings") -> 1. Open app 2. Click on Client button 3. Login using valid credential 4. Goto Home page 5. Click on Bookings | G24: =IFERROR(__xludf.DUMMYFUNCTION("""COMPUTED_VALUE"""),"email: lowovip595@elobits.com password: 112244557788") -> email: lowovip595@elobits.com password: 112244557788 | H24: =IFERROR(__xludf.DUMMYFUNCTION("""COMPUTED_VALUE"""),"The paragraph title in the cancellation policy should be bold and easily noticeable.") -> The paragraph title in the cancellation policy should be bold and easily noticeable. | I24: =IFERROR(__xludf.DUMMYFUNCTION("""COMPUTED_VALUE"""),"An alignment issue was identified, and the bold formatting for the text topic is also missing.") -> An alignment issue was identified, and the bold formatting for the text topic is also missing. | J24: =IFERROR(__xludf.DUMMYFUNCTION("""COMPUTED_VALUE"""),"Fail") -> Fail | K24: =IFERROR(__xludf.DUMMYFUNCTION("""COMPUTED_VALUE"""),"Low") -> Low | L24: =IFERROR(__xludf.DUMMYFUNCTION("""COMPUTED_VALUE"""),"https://drive.google.com/file/d/1rJLjMwI8nniNOY5xZ4xPNHNk_XH0otlu/view?usp=drive_link") -> https://drive.google.com/file/d/1rJLjMwI8nniNOY5xZ4xPNHNk_XH0otlu/view?usp=drive_link | N24: =IFERROR(__xludf.DUMMYFUNCTION("""COMPUTED_VALUE"""),"Fahad") -> Fahad | O24: Solved | P24: Client approval
A25: BR-015 | B25: =IFERROR(__xludf.DUMMYFUNCTION("""COMPUTED_VALUE"""),"Client (APK)") -> Client (APK) | C25: =IFERROR(__xludf.DUMMYFUNCTION("""COMPUTED_VALUE"""),"Card Information") -> Card Information | D25: =IFERROR(__xludf.DUMMYFUNCTION("""COMPUTED_VALUE"""),"An overflow bar has been observed in the card information.") -> An overflow bar has been observed in the card information. | E25: =IFERROR(__xludf.DUMMYFUNCTION("""COMPUTED_VALUE"""),"The user needs to have the APK running on their mobile device.") -> The user needs to have the APK running on their mobile device. | F25: =IFERROR(__xludf.DUMMYFUNCTION("""COMPUTED_VALUE"""),"1. Open app 2. Click on Client button 3. Login using valid credential 4. Goto profile section 5. Click on Add payment methode") -> 1. Open app 2. Click on Client button 3. Login using valid credential 4. Goto profile section 5. Click on Add payment methode | G25: =IFERROR(__xludf.DUMMYFUNCTION("""COMPUTED_VALUE"""),"email: itcrlbmzxpfmfowcfe@xfavaj.com password: 1122334455") -> email: itcrlbmzxpfmfowcfe@xfavaj.com password: 1122334455 | H25: =IFERROR(__xludf.DUMMYFUNCTION("""COMPUTED_VALUE"""),"No overflow bar should appear from the client's perspective.") -> No overflow bar should appear from the client's perspective. | I25: =IFERROR(__xludf.DUMMYFUNCTION("""COMPUTED_VALUE"""),"The overflow bar appears on card information where the card number format is provided.") -> The overflow bar appears on card information where the card number format is provided. | J25: =IFERROR(__xludf.DUMMYFUNCTION("""COMPUTED_VALUE"""),"Fail") -> Fail | K25: =IFERROR(__xludf.DUMMYFUNCTION("""COMPUTED_VALUE"""),"High") -> High | L25: =IFERROR(__xludf.DUMMYFUNCTION("""COMPUTED_VALUE"""),"https://drive.google.com/file/d/1tkCaCf4ymxthAx4ysDqpZc37wM_ilSrc/view?usp=drive_link") -> https://drive.google.com/file/d/1tkCaCf4ymxthAx4ysDqpZc37wM_ilSrc/view?usp=drive_link | N25: =IFERROR(__xludf.DUMMYFUNCTION("""COMPUTED_VALUE"""),"Fahad") -> Fahad | O25: Unsolved
A26: BR-016 | B26: =IFERROR(__xludf.DUMMYFUNCTION("""COMPUTED_VALUE"""),"Client (APK)") -> Client (APK) | C26: =IFERROR(__xludf.DUMMYFUNCTION("""COMPUTED_VALUE"""),"Card Information") -> Card Information | D26: =IFERROR(__xludf.DUMMYFUNCTION("""COMPUTED_VALUE"""),"Data validation is yet to be implemented.") -> Data validation is yet to be implemented. | E26: =IFERROR(__xludf.DUMMYFUNCTION("""COMPUTED_VALUE"""),"The user needs to have the APK running on their mobile device.") -> The user needs to have the APK running on their mobile device. | F26: =IFERROR(__xludf.DUMMYFUNCTION("""COMPUTED_VALUE"""),"1. Open app 2. Click on Client button 3. Login using valid credential 4. Goto profile section 5. Click on Add payment methode") -> 1. Open app 2. Click on Client button 3. Login using valid credential 4. Goto profile section 5. Click on Add payment methode | G26: =IFERROR(__xludf.DUMMYFUNCTION("""COMPUTED_VALUE"""),"email: itcrlbmzxpfmfowcfe@xfavaj.com password: 1122334455") -> email: itcrlbmzxpfmfowcfe@xfavaj.com password: 1122334455 | H26: =IFERROR(__xludf.DUMMYFUNCTION("""COMPUTED_VALUE"""),"Can you use random characters and special symbols in the expiry date and CVV fields on card information?") -> Can you use random characters and special symbols in the expiry date and CVV fields on card information? | I26: =IFERROR(__xludf.DUMMYFUNCTION("""COMPUTED_VALUE"""),"Specific formatting should be applied to card data information, and accurate data validation formatting should be implemented.") -> Specific formatting should be applied to card data information, and accurate data validation formatting should be implemented. | J26: =IFERROR(__xludf.DUMMYFUNCTION("""COMPUTED_VALUE"""),"Fail") -> Fail | K26: =IFERROR(__xludf.DUMMYFUNCTION("""COMPUTED_VALUE"""),"High") -> High | L26: =IFERROR(__xludf.DUMMYFUNCTION("""COMPUTED_VALUE"""),"https://drive.google.com/file/d/1dDJVgs6mWVi6alCalMXd7yxJHutTTxwX/view?usp=drive_link") -> https://drive.google.com/file/d/1dDJVgs6mWVi6alCalMXd7yxJHutTTxwX/view?usp=drive_link | N26: =IFERROR(__xludf.DUMMYFUNCTION("""COMPUTED_VALUE"""),"Fahad") -> Fahad | O26: Solved
A27: BR-017 | B27: =IFERROR(__xludf.DUMMYFUNCTION("""COMPUTED_VALUE"""),"Client (APK)") -> Client (APK) | C27: =IFERROR(__xludf.DUMMYFUNCTION("""COMPUTED_VALUE"""),"Chat") -> Chat | D27: =IFERROR(__xludf.DUMMYFUNCTION("""COMPUTED_VALUE"""),"The chat and call section is missing in the APK.") -> The chat and call section is missing in the APK. | E27: =IFERROR(__xludf.DUMMYFUNCTION("""COMPUTED_VALUE"""),"The user needs to have the APK running on their mobile device.") -> The user needs to have the APK running on their mobile device. | F27: =IFERROR(__xludf.DUMMYFUNCTION("""COMPUTED_VALUE"""),"1. Open app 2. Login using valid credentials 3. Goto Chat") -> 1. Open app 2. Login using valid credentials 3. Goto Chat | G27: =IFERROR(__xludf.DUMMYFUNCTION("""COMPUTED_VALUE"""),"email : sayduntuhin.sta@gmail.com pass: 12345678") -> email : sayduntuhin.sta@gmail.com pass: 12345678 | H27: =IFERROR(__xludf.DUMMYFUNCTION("""COMPUTED_VALUE"""),"The chat section should include both chat and call logs to ensure client satisfaction and enable tracking.") -> The chat section should include both chat and call logs to ensure client satisfaction and enable tracking. | I27: =IFERROR(__xludf.DUMMYFUNCTION("""COMPUTED_VALUE"""),"The call log is missing in the chat section.") -> The call log is missing in the chat section. | J27: =IFERROR(__xludf.DUMMYFUNCTION("""COMPUTED_VALUE"""),"Fail") -> Fail | K27: =IFERROR(__xludf.DUMMYFUNCTION("""COMPUTED_VALUE"""),"High") -> High | L27: =IFERROR(__xludf.DUMMYFUNCTION("""COMPUTED_VALUE"""),"https://drive.google.com/file/d/1GnNqqEV4v5p5Ljd7anvErcGqlXhXMURA/view?usp=drive_link") -> https://drive.google.com/file/d/1GnNqqEV4v5p5Ljd7anvErcGqlXhXMURA/view?usp=drive_link | N27: =IFERROR(__xludf.DUMMYFUNCTION("""COMPUTED_VALUE"""),"Fahad") -> Fahad | O27: Solved
A28: BR-018 | B28: =IFERROR(__xludf.DUMMYFUNCTION("""COMPUTED_VALUE"""),"Client (APK)") -> Client (APK) | C28: =IFERROR(__xludf.DUMMYFUNCTION("""COMPUTED_VALUE"""),"Chat") -> Chat | D28: =IFERROR(__xludf.DUMMYFUNCTION("""COMPUTED_VALUE"""),"The call option is missing in the chat.") -> The call option is missing in the chat. | E28: =IFERROR(__xludf.DUMMYFUNCTION("""COMPUTED_VALUE"""),"The user needs to have the APK running on their mobile device.") -> The user needs to have the APK running on their mobile device. | F28: =IFERROR(__xludf.DUMMYFUNCTION("""COMPUTED_VALUE"""),"1. Open app 2. Login using valid credentials 3. Goto Chat") -> 1. Open app 2. Login using valid credentials 3. Goto Chat | G28: =IFERROR(__xludf.DUMMYFUNCTION("""COMPUTED_VALUE"""),"email : sayduntuhin.sta@gmail.com pass: 12345678") -> email : sayduntuhin.sta@gmail.com pass: 12345678 | H28: =IFERROR(__xludf.DUMMYFUNCTION("""COMPUTED_VALUE"""),"A call option in chat should be available for clients to directly call the therapist for further assistance.") -> A call option in chat should be available for clients to directly call the therapist for further assistance. | I28: =IFERROR(__xludf.DUMMYFUNCTION("""COMPUTED_VALUE"""),"The absence of a call option in the chat has been noted.") -> The absence of a call option in the chat has been noted. | J28: =IFERROR(__xludf.DUMMYFUNCTION("""COMPUTED_VALUE"""),"Fail") -> Fail | K28: =IFERROR(__xludf.DUMMYFUNCTION("""COMPUTED_VALUE"""),"High") -> High | L28: =IFERROR(__xludf.DUMMYFUNCTION("""COMPUTED_VALUE"""),"https://drive.google.com/file/d/1MU7PrtlmpF0l9Kd6tOG3EKwmh-MN_iBj/view?usp=drive_link") -> https://drive.google.com/file/d/1MU7PrtlmpF0l9Kd6tOG3EKwmh-MN_iBj/view?usp=drive_link | N28: =IFERROR(__xludf.DUMMYFUNCTION("""COMPUTED_VALUE"""),"Fahad") -> Fahad | O28: Solved
A29: BR-019 | B29: =IFERROR(__xludf.DUMMYFUNCTION("""COMPUTED_VALUE"""),"Client (APK)") -> Client (APK) | C29: =IFERROR(__xludf.DUMMYFUNCTION("""COMPUTED_VALUE"""),"Chat") -> Chat | D29: =IFERROR(__xludf.DUMMYFUNCTION("""COMPUTED_VALUE"""),"Sending voice messages from chat is missing.") -> Sending voice messages from chat is missing. | E29: =IFERROR(__xludf.DUMMYFUNCTION("""COMPUTED_VALUE"""),"The user needs to have the APK running on their mobile device.") -> The user needs to have the APK running on their mobile device. | F29: =IFERROR(__xludf.DUMMYFUNCTION("""COMPUTED_VALUE"""),"1. Open app 2. Login using valid credentials 3. Goto Chat") -> 1. Open app 2. Login using valid credentials 3. Goto Chat | G29: =IFERROR(__xludf.DUMMYFUNCTION("""COMPUTED_VALUE"""),"email : sayduntuhin.sta@gmail.com pass: 12345678") -> email : sayduntuhin.sta@gmail.com pass: 12345678 | H29: =IFERROR(__xludf.DUMMYFUNCTION("""COMPUTED_VALUE"""),"A voice send option should be integrated into chat for a better user experience.") -> A voice send option should be integrated into chat for a better user experience. | I29: =IFERROR(__xludf.DUMMYFUNCTION("""COMPUTED_VALUE"""),"The absence of the voice button has been observed.") -> The absence of the voice button has been observed. | J29: =IFERROR(__xludf.DUMMYFUNCTION("""COMPUTED_VALUE"""),"Fail") -> Fail | K29: =IFERROR(__xludf.DUMMYFUNCTION("""COMPUTED_VALUE"""),"High") -> High | L29: =IFERROR(__xludf.DUMMYFUNCTION("""COMPUTED_VALUE"""),"https://drive.google.com/file/d/1bdn-YJqS2VeAxlTuwYjr7VDnlWXHIEiW/view?usp=drive_link") -> https://drive.google.com/file/d/1bdn-YJqS2VeAxlTuwYjr7VDnlWXHIEiW/view?usp=drive_link | N29: =IFERROR(__xludf.DUMMYFUNCTION("""COMPUTED_VALUE"""),"Fahad") -> Fahad | O29: Solved
A30: BR-020 | B30: =IFERROR(__xludf.DUMMYFUNCTION("""COMPUTED_VALUE"""),"Client (APK)") -> Client (APK) | C30: =IFERROR(__xludf.DUMMYFUNCTION("""COMPUTED_VALUE"""),"Chat") -> Chat | D30: =IFERROR(__xludf.DUMMYFUNCTION("""COMPUTED_VALUE"""),"The option to send pictures is missing in the app.") -> The option to send pictures is missing in the app. | E30: =IFERROR(__xludf.DUMMYFUNCTION("""COMPUTED_VALUE"""),"The user needs to have the APK running on their mobile device.") -> The user needs to have the APK running on their mobile device. | F30: =IFERROR(__xludf.DUMMYFUNCTION("""COMPUTED_VALUE"""),"1. Open app 2. Login using valid credentials 3. Goto Chat") -> 1. Open app 2. Login using valid credentials 3. Goto Chat | G30: =IFERROR(__xludf.DUMMYFUNCTION("""COMPUTED_VALUE"""),"email : sayduntuhin.sta@gmail.com pass: 12345678") -> email : sayduntuhin.sta@gmail.com pass: 12345678 | H30: =IFERROR(__xludf.DUMMYFUNCTION("""COMPUTED_VALUE"""),"Adding a send picture option to the app would enhance the user experience.") -> Adding a send picture option to the app would enhance the user experience. | I30: =IFERROR(__xludf.DUMMYFUNCTION("""COMPUTED_VALUE"""),"The missing option for sending pictures has been noticed.") -> The missing option for sending pictures has been noticed. | J30: =IFERROR(__xludf.DUMMYFUNCTION("""COMPUTED_VALUE"""),"Fail") -> Fail | K30: =IFERROR(__xludf.DUMMYFUNCTION("""COMPUTED_VALUE"""),"High") -> High | L30: =IFERROR(__xludf.DUMMYFUNCTION("""COMPUTED_VALUE"""),"https://drive.google.com/file/d/1j8uc21xxRQ_ITR17s6bei4f8y8S6KfZm/view?usp=drive_link") -> https://drive.google.com/file/d/1j8uc21xxRQ_ITR17s6bei4f8y8S6KfZm/view?usp=drive_link | N30: =IFERROR(__xludf.DUMMYFUNCTION("""COMPUTED_VALUE"""),"Fahad") -> Fahad
A31: BR-021 | B31: =IFERROR(__xludf.DUMMYFUNCTION("""COMPUTED_VALUE"""),"Client (APK)") -> Client (APK) | C31: =IFERROR(__xludf.DUMMYFUNCTION("""COMPUTED_VALUE"""),"Chat") -> Chat | D31: =IFERROR(__xludf.DUMMYFUNCTION("""COMPUTED_VALUE"""),"The pattern of sending voice messages is different.") -> The pattern of sending voice messages is different. | E31: =IFERROR(__xludf.DUMMYFUNCTION("""COMPUTED_VALUE"""),"The user needs to have the APK running on their mobile device.") -> The user needs to have the APK running on their mobile device. | F31: =IFERROR(__xludf.DUMMYFUNCTION("""COMPUTED_VALUE"""),"1. Open app 2. Login using valid credentials 3. Goto Chat") -> 1. Open app 2. Login using valid credentials 3. Goto Chat | G31: =IFERROR(__xludf.DUMMYFUNCTION("""COMPUTED_VALUE"""),"email : sayduntuhin.sta@gmail.com pass: 12345678") -> email : sayduntuhin.sta@gmail.com pass: 12345678 | H31: =IFERROR(__xludf.DUMMYFUNCTION("""COMPUTED_VALUE"""),"Alignment and design should match the client's requirements.") -> Alignment and design should match the client's requirements. | I31: =IFERROR(__xludf.DUMMYFUNCTION("""COMPUTED_VALUE"""),"A different design and layout have been observed.") -> A different design and layout have been observed. | J31: =IFERROR(__xludf.DUMMYFUNCTION("""COMPUTED_VALUE"""),"Fail") -> Fail | K31: =IFERROR(__xludf.DUMMYFUNCTION("""COMPUTED_VALUE"""),"Low") -> Low | L31: =IFERROR(__xludf.DUMMYFUNCTION("""COMPUTED_VALUE"""),"https://drive.google.com/file/d/1qvXSarQEFjZqbinUQeb_-yuLm_mOg4ue/view?usp=drive_link") -> https://drive.google.com/file/d/1qvXSarQEFjZqbinUQeb_-yuLm_mOg4ue/view?usp=drive_link | N31: =IFERROR(__xludf.DUMMYFUNCTION("""COMPUTED_VALUE"""),"Fahad") -> Fahad
A32: BR-022 | B32: =IFERROR(__xludf.DUMMYFUNCTION("""COMPUTED_VALUE"""),"Client (APK)") -> Client (APK) | C32: =IFERROR(__xludf.DUMMYFUNCTION("""COMPUTED_VALUE"""),"Forget Password") -> Forget Password | D32: =IFERROR(__xludf.DUMMYFUNCTION("""COMPUTED_VALUE"""),"Forgot password OTP is set to email instead of phone number.") -> Forgot password OTP is set to email instead of phone number. | E32: =IFERROR(__xludf.DUMMYFUNCTION("""COMPUTED_VALUE"""),"The user needs to have the APK running on their mobile device.") -> The user needs to have the APK running on their mobile device. | F32: =IFERROR(__xludf.DUMMYFUNCTION("""COMPUTED_VALUE"""),"1. Open app 2. Click on Client button 3. Click on Login 4. Click on Forget Password") -> 1. Open app 2. Click on Client button 3. Click on Login 4. Click on Forget Password | G32: =IFERROR(__xludf.DUMMYFUNCTION("""COMPUTED_VALUE"""),"N/A") -> N/A | H32: =IFERROR(__xludf.DUMMYFUNCTION("""COMPUTED_VALUE"""),"The password reset OTP should align with the client's requirements.") -> The password reset OTP should align with the client's requirements. | I32: =IFERROR(__xludf.DUMMYFUNCTION("""COMPUTED_VALUE"""),"The OTP for the password reset was sent via email instead of the phone number, which did not align with the client's requirements.") -> The OTP for the password reset was sent via email instead of the phone number, which did not align with the client's requirements. | J32: =IFERROR(__xludf.DUMMYFUNCTION("""COMPUTED_VALUE"""),"Fail") -> Fail | K32: =IFERROR(__xludf.DUMMYFUNCTION("""COMPUTED_VALUE"""),"High") -> High | L32: =IFERROR(__xludf.DUMMYFUNCTION("""COMPUTED_VALUE"""),"https://drive.google.com/file/d/1KLex23-Fe5dyghKSBYH7lkrzS1-6VG83/view?usp=drive_link") -> https://drive.google.com/file/d/1KLex23-Fe5dyghKSBYH7lkrzS1-6VG83/view?usp=drive_link | N32: =IFERROR(__xludf.DUMMYFUNCTION("""COMPUTED_VALUE"""),"Fahad") -> Fahad
A33: BR-023 | B33: =IFERROR(__xludf.DUMMYFUNCTION("""COMPUTED_VALUE"""),"Client (APK)") -> Client (APK) | C33: =IFERROR(__xludf.DUMMYFUNCTION("""COMPUTED_VALUE"""),"Home") -> Home | D33: =IFERROR(__xludf.DUMMYFUNCTION("""COMPUTED_VALUE"""),"Category ""See All"" button is missing.") -> Category "See All" button is missing. | E33: =IFERROR(__xludf.DUMMYFUNCTION("""COMPUTED_VALUE"""),"The user needs to have the APK running on their mobile device.") -> The user needs to have the APK running on their mobile device. | F33: =IFERROR(__xludf.DUMMYFUNCTION("""COMPUTED_VALUE"""),"1. Open app 2. Click on Client button 3. Login using valid credential 4. Goto Home Section") -> 1. Open app 2. Click on Client button 3. Login using valid credential 4. Goto Home Section | G33: =IFERROR(__xludf.DUMMYFUNCTION("""COMPUTED_VALUE"""),"email: itcrlbmzxpfmfowcfe@xfavaj.com password: 1122334455") -> email: itcrlbmzxpfmfowcfe@xfavaj.com password: 1122334455 | H33: =IFERROR(__xludf.DUMMYFUNCTION("""COMPUTED_VALUE"""),"A ""See All"" button in the category should be included, allowing clients to view all types of massages and select the one that suits them best.") -> A "See All" button in the category should be included, allowing clients to view all types of massages and select the one that suits them best. | I33: =IFERROR(__xludf.DUMMYFUNCTION("""COMPUTED_VALUE"""),"The absence of a ""See All"" button in the category section might prevent users from accessing the full range of massage categories.") -> The absence of a "See All" button in the category section might prevent users from accessing the full range of massage categories. | J33: =IFERROR(__xludf.DUMMYFUNCTION("""COMPUTED_VALUE"""),"Fail") -> Fail | K33: =IFERROR(__xludf.DUMMYFUNCTION("""COMPUTED_VALUE"""),"High") -> High | L33: =IFERROR(__xludf.DUMMYFUNCTION("""COMPUTED_VALUE"""),"https://drive.google.com/file/d/1WdUwhoAKw9VJZP45R6Lp1FmGJsyFdL6E/view?usp=drive_link") -> https://drive.google.com/file/d/1WdUwhoAKw9VJZP45R6Lp1FmGJsyFdL6E/view?usp=drive_link | N33: =IFERROR(__xludf.DUMMYFUNCTION("""COMPUTED_VALUE"""),"Fahad") -> Fahad
A34: BR-024 | B34: =IFERROR(__xludf.DUMMYFUNCTION("""COMPUTED_VALUE"""),"Client (APK)") -> Client (APK) | C34: =IFERROR(__xludf.DUMMYFUNCTION("""COMPUTED_VALUE"""),"Home") -> Home | D34: =IFERROR(__xludf.DUMMYFUNCTION("""COMPUTED_VALUE"""),"Therapist names are missing in the Nearby Therapist section.") -> Therapist names are missing in the Nearby Therapist section. | E34: =IFERROR(__xludf.DUMMYFUNCTION("""COMPUTED_VALUE"""),"The user needs to have the APK running on their mobile device.") -> The user needs to have the APK running on their mobile device. | F34: =IFERROR(__xludf.DUMMYFUNCTION("""COMPUTED_VALUE"""),"1. Open app 2. Click on Client button 3. Login using valid credential 4. Goto Home Section") -> 1. Open app 2. Click on Client button 3. Login using valid credential 4. Goto Home Section | G34: =IFERROR(__xludf.DUMMYFUNCTION("""COMPUTED_VALUE"""),"email: itcrlbmzxpfmfowcfe@xfavaj.com password: 1122334455") -> email: itcrlbmzxpfmfowcfe@xfavaj.com password: 1122334455 | H34: =IFERROR(__xludf.DUMMYFUNCTION("""COMPUTED_VALUE"""),"Therapists nearby should be easily accessible to clients, ensuring shorter travel distances and better engagement.") -> Therapists nearby should be easily accessible to clients, ensuring shorter travel distances and better engagement. | I34: =IFERROR(__xludf.DUMMYFUNCTION("""COMPUTED_VALUE"""),"Unable to refresh the list of nearby therapists.") -> Unable to refresh the list of nearby therapists. | J34: =IFERROR(__xludf.DUMMYFUNCTION("""COMPUTED_VALUE"""),"Fail") -> Fail | K34: =IFERROR(__xludf.DUMMYFUNCTION("""COMPUTED_VALUE"""),"High") -> High | L34: =IFERROR(__xludf.DUMMYFUNCTION("""COMPUTED_VALUE"""),"https://drive.google.com/file/d/1vRuK4G_c6ytmt6_kN1NbkV66uglkd5sg/view?usp=drive_link") -> https://drive.google.com/file/d/1vRuK4G_c6ytmt6_kN1NbkV66uglkd5sg/view?usp=drive_link | N34: =IFERROR(__xludf.DUMMYFUNCTION("""COMPUTED_VALUE"""),"Fahad") -> Fahad
A35: BR-025 | B35: =IFERROR(__xludf.DUMMYFUNCTION("""COMPUTED_VALUE"""),"Client (APK)") -> Client (APK) | C35: =IFERROR(__xludf.DUMMYFUNCTION("""COMPUTED_VALUE"""),"Home") -> Home | D35: =IFERROR(__xludf.DUMMYFUNCTION("""COMPUTED_VALUE"""),"The therapist search feature is not working.") -> The therapist search feature is not working. | E35: =IFERROR(__xludf.DUMMYFUNCTION("""COMPUTED_VALUE"""),"The user needs to have the APK running on their mobile device.") -> The user needs to have the APK running on their mobile device. | F35: =IFERROR(__xludf.DUMMYFUNCTION("""COMPUTED_VALUE"""),"1. Open app 2. Click on Client button 3. Login using valid credential 4. Goto Home page 5. Click search bar") -> 1. Open app 2. Click on Client button 3. Login using valid credential 4. Goto Home page 5. Click search bar | G35: =IFERROR(__xludf.DUMMYFUNCTION("""COMPUTED_VALUE"""),"email: lowovip595@elobits.com password: 112244557788") -> email: lowovip595@elobits.com password: 112244557788 | H35: =IFERROR(__xludf.DUMMYFUNCTION("""COMPUTED_VALUE"""),"Recommended and searched therapists should appear correctly in the search field.") -> Recommended and searched therapists should appear correctly in the search field. | I35: =IFERROR(__xludf.DUMMYFUNCTION("""COMPUTED_VALUE"""),"The search functionality is broken, but therapists can be found using filters.") -> The search functionality is broken, but therapists can be found using filters. | J35: =IFERROR(__xludf.DUMMYFUNCTION("""COMPUTED_VALUE"""),"Fail") -> Fail | K35: =IFERROR(__xludf.DUMMYFUNCTION("""COMPUTED_VALUE"""),"High") -> High | L35: =IFERROR(__xludf.DUMMYFUNCTION("""COMPUTED_VALUE"""),"https://drive.google.com/file/d/1YMgFbIWV65v8MTTx_AxcKyawpTNmhx-6/view?usp=drive_link") -> https://drive.google.com/file/d/1YMgFbIWV65v8MTTx_AxcKyawpTNmhx-6/view?usp=drive_link | N35: =IFERROR(__xludf.DUMMYFUNCTION("""COMPUTED_VALUE"""),"Fahad") -> Fahad
A36: BR-026 | B36: =IFERROR(__xludf.DUMMYFUNCTION("""COMPUTED_VALUE"""),"Client (APK)") -> Client (APK) | C36: =IFERROR(__xludf.DUMMYFUNCTION("""COMPUTED_VALUE"""),"Login") -> Login | D36: =IFERROR(__xludf.DUMMYFUNCTION("""COMPUTED_VALUE"""),"The login and signup buttons remain as ""Client"" when the user has already selected ""Client"" in a previous operation.") -> The login and signup buttons remain as "Client" when the user has already selected "Client" in a previous operation. | E36: =IFERROR(__xludf.DUMMYFUNCTION("""COMPUTED_VALUE"""),"The user needs to have the APK running on their mobile device.") -> The user needs to have the APK running on their mobile device. | F36: =IFERROR(__xludf.DUMMYFUNCTION("""COMPUTED_VALUE"""),"1. Open app 2. Click on Client button ") -> 1. Open app 2. Click on Client button | G36: =IFERROR(__xludf.DUMMYFUNCTION("""COMPUTED_VALUE"""),"N/A") -> N/A | H36: =IFERROR(__xludf.DUMMYFUNCTION("""COMPUTED_VALUE"""),"Button names should align with client requirements.") -> Button names should align with client requirements. | I36: =IFERROR(__xludf.DUMMYFUNCTION("""COMPUTED_VALUE"""),"The button name ""Login as client"" is displayed instead of ""Login.""") -> The button name "Login as client" is displayed instead of "Login." | J36: =IFERROR(__xludf.DUMMYFUNCTION("""COMPUTED_VALUE"""),"Fail") -> Fail | K36: =IFERROR(__xludf.DUMMYFUNCTION("""COMPUTED_VALUE"""),"Low") -> Low | L36: =IFERROR(__xludf.DUMMYFUNCTION("""COMPUTED_VALUE"""),"https://jam.dev/c/ee57675a-f88f-48a4-a150-f334c0b3b244") -> https://jam.dev/c/ee57675a-f88f-48a4-a150-f334c0b3b244 | N36: =IFERROR(__xludf.DUMMYFUNCTION("""COMPUTED_VALUE"""),"Fahad") -> Fahad
A37: BR-027 | B37: =IFERROR(__xludf.DUMMYFUNCTION("""COMPUTED_VALUE"""),"Client (APK)") -> Client (APK) | C37: =IFERROR(__xludf.DUMMYFUNCTION("""COMPUTED_VALUE"""),"Login") -> Login | D37: =IFERROR(__xludf.DUMMYFUNCTION("""COMPUTED_VALUE"""),"The app logo appears slightly shorter than usual.") -> The app logo appears slightly shorter than usual. | E37: =IFERROR(__xludf.DUMMYFUNCTION("""COMPUTED_VALUE"""),"The user needs to have the APK running on their mobile device.") -> The user needs to have the APK running on their mobile device. | F37: =IFERROR(__xludf.DUMMYFUNCTION("""COMPUTED_VALUE"""),"1. Open app 2. Click on Client button 3. Click on Login") -> 1. Open app 2. Click on Client button 3. Click on Login | G37: =IFERROR(__xludf.DUMMYFUNCTION("""COMPUTED_VALUE"""),"N/A") -> N/A | H37: =IFERROR(__xludf.DUMMYFUNCTION("""COMPUTED_VALUE"""),"The app logo should be prominently displayed to catch users' attention.") -> The app logo should be prominently displayed to catch users' attention. | I37: =IFERROR(__xludf.DUMMYFUNCTION("""COMPUTED_VALUE"""),"A slightly shorter logo was noticed.") -> A slightly shorter logo was noticed. | J37: =IFERROR(__xludf.DUMMYFUNCTION("""COMPUTED_VALUE"""),"Fail") -> Fail | K37: =IFERROR(__xludf.DUMMYFUNCTION("""COMPUTED_VALUE"""),"Low") -> Low | L37: =IFERROR(__xludf.DUMMYFUNCTION("""COMPUTED_VALUE"""),"1.png") -> 1.png | M37: =IFERROR(__xludf.DUMMYFUNCTION("""COMPUTED_VALUE"""),"Make it slightly larger to catch the user's attention.") -> Make it slightly larger to catch the user's attention. | N37: =IFERROR(__xludf.DUMMYFUNCTION("""COMPUTED_VALUE"""),"Fahad") -> Fahad
A38: BR-028 | B38: =IFERROR(__xludf.DUMMYFUNCTION("""COMPUTED_VALUE"""),"Client (APK)") -> Client (APK) | C38: =IFERROR(__xludf.DUMMYFUNCTION("""COMPUTED_VALUE"""),"Login") -> Login | D38: =IFERROR(__xludf.DUMMYFUNCTION("""COMPUTED_VALUE"""),"The password visibility icon is missing on the client login page.") -> The password visibility icon is missing on the client login page. | E38: =IFERROR(__xludf.DUMMYFUNCTION("""COMPUTED_VALUE"""),"The user needs to have the APK running on their mobile device.") -> The user needs to have the APK running on their mobile device. | F38: =IFERROR(__xludf.DUMMYFUNCTION("""COMPUTED_VALUE"""),"1. Open app 2. Click on Client button 3. Click on Login") -> 1. Open app 2. Click on Client button 3. Click on Login | G38: =IFERROR(__xludf.DUMMYFUNCTION("""COMPUTED_VALUE"""),"N/A") -> N/A | H38: =IFERROR(__xludf.DUMMYFUNCTION("""COMPUTED_VALUE"""),"The password field should display the password visibly with a hide icon to enhance user convenience.") -> The password field should display the password visibly with a hide icon to enhance user convenience. | I38: =IFERROR(__xludf.DUMMYFUNCTION("""COMPUTED_VALUE"""),"The absence of the password visibility icon has been noted.") -> The absence of the password visibility icon has been noted. | J38: =IFERROR(__xludf.DUMMYFUNCTION("""COMPUTED_VALUE"""),"Fail") -> Fail | K38: =IFERROR(__xludf.DUMMYFUNCTION("""COMPUTED_VALUE"""),"Medium") -> Medium | L38: =IFERROR(__xludf.DUMMYFUNCTION("""COMPUTED_VALUE"""),"https://jam.dev/c/7e6fdbbf-6f54-4449-933b-872542d4e03c") -> https://jam.dev/c/7e6fdbbf-6f54-4449-933b-872542d4e03c | N38: =IFERROR(__xludf.DUMMYFUNCTION("""COMPUTED_VALUE"""),"Fahad") -> Fahad
A39: BR-029 | B39: =IFERROR(__xludf.DUMMYFUNCTION("""COMPUTED_VALUE"""),"Client (APK)") -> Client (APK) | C39: =IFERROR(__xludf.DUMMYFUNCTION("""COMPUTED_VALUE"""),"Notification") -> Notification | D39: =IFERROR(__xludf.DUMMYFUNCTION("""COMPUTED_VALUE"""),"Notification failed to load") -> Notification failed to load | E39: =IFERROR(__xludf.DUMMYFUNCTION("""COMPUTED_VALUE"""),"The user needs to have the APK running on their mobile device.") -> The user needs to have the APK running on their mobile device. | F39: =IFERROR(__xludf.DUMMYFUNCTION("""COMPUTED_VALUE"""),"1. Open app 2. Click on Client button 3. Login using valid credential 4. Goto Notification Section") -> 1. Open app 2. Click on Client button 3. Login using valid credential 4. Goto Notification Section | G39: =IFERROR(__xludf.DUMMYFUNCTION("""COMPUTED_VALUE"""),"email: lowovip595@elobits.com password: 112244557788") -> email: lowovip595@elobits.com password: 112244557788 | H39: =IFERROR(__xludf.DUMMYFUNCTION("""COMPUTED_VALUE"""),"Notifications should load correctly on the client side for smoother interaction.") -> Notifications should load correctly on the client side for smoother interaction. | I39: =IFERROR(__xludf.DUMMYFUNCTION("""COMPUTED_VALUE"""),"Notification missing. Error displayed: No room found.") -> Notification missing. Error displayed: No room found. | J39: =IFERROR(__xludf.DUMMYFUNCTION("""COMPUTED_VALUE"""),"Fail") -> Fail | K39: =IFERROR(__xludf.DUMMYFUNCTION("""COMPUTED_VALUE"""),"High") -> High | L39: =IFERROR(__xludf.DUMMYFUNCTION("""COMPUTED_VALUE"""),"https://drive.google.com/file/d/17Qe2pumq6nLmzLEcvseV514o8eAPVwvk/view?usp=drive_link") -> https://drive.google.com/file/d/17Qe2pumq6nLmzLEcvseV514o8eAPVwvk/view?usp=drive_link | N39: =IFERROR(__xludf.DUMMYFUNCTION("""COMPUTED_VALUE"""),"Fahad") -> Fahad
A40: BR-030 | B40: =IFERROR(__xludf.DUMMYFUNCTION("""COMPUTED_VALUE"""),"Client (APK)") -> Client (APK) | C40: =IFERROR(__xludf.DUMMYFUNCTION("""COMPUTED_VALUE"""),"OTP Mail") -> OTP Mail | D40: =IFERROR(__xludf.DUMMYFUNCTION("""COMPUTED_VALUE"""),"The OTP email came from a personal Gmail account.") -> The OTP email came from a personal Gmail account. | E40: =IFERROR(__xludf.DUMMYFUNCTION("""COMPUTED_VALUE"""),"The user needs to have the APK running on their mobile device.") -> The user needs to have the APK running on their mobile device. | F40: =IFERROR(__xludf.DUMMYFUNCTION("""COMPUTED_VALUE"""),"1. Open app 2. Click on Client button 3. Click on signup") -> 1. Open app 2. Click on Client button 3. Click on signup | G40: =IFERROR(__xludf.DUMMYFUNCTION("""COMPUTED_VALUE"""),"email: itcrlbmzxpfmfowcfe@xfavaj.com password: 1122334455") -> email: itcrlbmzxpfmfowcfe@xfavaj.com password: 1122334455 | H40: =IFERROR(__xludf.DUMMYFUNCTION("""COMPUTED_VALUE"""),"OTP should come from the app's email to address user trust issues.") -> OTP should come from the app's email to address user trust issues. | I40: =IFERROR(__xludf.DUMMYFUNCTION("""COMPUTED_VALUE"""),"An OTP sent from a personal email can appear suspicious from the user's perspective.") -> An OTP sent from a personal email can appear suspicious from the user's perspective. | J40: =IFERROR(__xludf.DUMMYFUNCTION("""COMPUTED_VALUE"""),"Fail") -> Fail | K40: =IFERROR(__xludf.DUMMYFUNCTION("""COMPUTED_VALUE"""),"Medium") -> Medium | L40: =IFERROR(__xludf.DUMMYFUNCTION("""COMPUTED_VALUE"""),"https://drive.google.com/file/d/1JrtbpqQLDuv5_lQH09pimvpog6-DRnfk/view?usp=drive_link") -> https://drive.google.com/file/d/1JrtbpqQLDuv5_lQH09pimvpog6-DRnfk/view?usp=drive_link | N40: =IFERROR(__xludf.DUMMYFUNCTION("""COMPUTED_VALUE"""),"Fahad") -> Fahad
A41: BR-031 | B41: =IFERROR(__xludf.DUMMYFUNCTION("""COMPUTED_VALUE"""),"Client (APK)") -> Client (APK) | C41: =IFERROR(__xludf.DUMMYFUNCTION("""COMPUTED_VALUE"""),"Payment") -> Payment | D41: =IFERROR(__xludf.DUMMYFUNCTION("""COMPUTED_VALUE"""),"The payment page failed to load.") -> The payment page failed to load. | E41: =IFERROR(__xludf.DUMMYFUNCTION("""COMPUTED_VALUE"""),"The user needs to have the APK running on their mobile device.") -> The user needs to have the APK running on their mobile device. | F41: =IFERROR(__xludf.DUMMYFUNCTION("""COMPUTED_VALUE"""),"1. Open app 2. Click on Client button 3. Login using valid credential 4. Goto Appointment Section") -> 1. Open app 2. Click on Client button 3. Login using valid credential 4. Goto Appointment Section | G41: =IFERROR(__xludf.DUMMYFUNCTION("""COMPUTED_VALUE"""),"email: lowovip595@elobits.com password: 112244557788") -> email: lowovip595@elobits.com password: 112244557788 | H41: =IFERROR(__xludf.DUMMYFUNCTION("""COMPUTED_VALUE"""),"The payment gateway should load smoothly and function accurately.") -> The payment gateway should load smoothly and function accurately. | I41: =IFERROR(__xludf.DUMMYFUNCTION("""COMPUTED_VALUE"""),"An error appears indicating the payment page failed to load.") -> An error appears indicating the payment page failed to load. | J41: =IFERROR(__xludf.DUMMYFUNCTION("""COMPUTED_VALUE"""),"Fail") -> Fail | K41: =IFERROR(__xludf.DUMMYFUNCTION("""COMPUTED_VALUE"""),"High") -> High | L41: =IFERROR(__xludf.DUMMYFUNCTION("""COMPUTED_VALUE"""),"https://drive.google.com/file/d/13f38e09rp29Hk6b4D8ZGRbUSFG2lR1oh/view?usp=drive_link") -> https://drive.google.com/file/d/13f38e09rp29Hk6b4D8ZGRbUSFG2lR1oh/view?usp=drive_link | N41: =IFERROR(__xludf.DUMMYFUNCTION("""COMPUTED_VALUE"""),"Fahad") -> Fahad
A42: BR-032 | B42: =IFERROR(__xludf.DUMMYFUNCTION("""COMPUTED_VALUE"""),"Client (APK)") -> Client (APK) | C42: =IFERROR(__xludf.DUMMYFUNCTION("""COMPUTED_VALUE"""),"Profile") -> Profile | D42: =IFERROR(__xludf.DUMMYFUNCTION("""COMPUTED_VALUE"""),"The error bar on the profile is visible between transactions.") -> The error bar on the profile is visible between transactions. | E42: =IFERROR(__xludf.DUMMYFUNCTION("""COMPUTED_VALUE"""),"The user needs to have the APK running on their mobile device.") -> The user needs to have the APK running on their mobile device. | F42: =IFERROR(__xludf.DUMMYFUNCTION("""COMPUTED_VALUE"""),"1. Open app 2. Click on Client button 3. Login using valid credentials 4. Goto profile section") -> 1. Open app 2. Click on Client button 3. Login using valid credentials 4. Goto profile section | G42: =IFERROR(__xludf.DUMMYFUNCTION("""COMPUTED_VALUE"""),"email: itcrlbmzxpfmfowcfe@xfavaj.com password: 1122334455") -> email: itcrlbmzxpfmfowcfe@xfavaj.com password: 1122334455 | H42: =IFERROR(__xludf.DUMMYFUNCTION("""COMPUTED_VALUE"""),"The app should function smoothly on the user's side without any issues or conflicts.") -> The app should function smoothly on the user's side without any issues or conflicts. | I42: =IFERROR(__xludf.DUMMYFUNCTION("""COMPUTED_VALUE"""),"An error bar appears on the app, even during transactions.") -> An error bar appears on the app, even during transactions. | J42: =IFERROR(__xludf.DUMMYFUNCTION("""COMPUTED_VALUE"""),"Fail") -> Fail | K42: =IFERROR(__xludf.DUMMYFUNCTION("""COMPUTED_VALUE"""),"High") -> High | L42: =IFERROR(__xludf.DUMMYFUNCTION("""COMPUTED_VALUE"""),"https://drive.google.com/file/d/1qVZUY5HAL95TM-2hkpnqeXZyQytKUBhp/view?usp=drive_link") -> https://drive.google.com/file/d/1qVZUY5HAL95TM-2hkpnqeXZyQytKUBhp/view?usp=drive_link | N42: =IFERROR(__xludf.DUMMYFUNCTION("""COMPUTED_VALUE"""),"Fahad") -> Fahad
A43: BR-033 | B43: =IFERROR(__xludf.DUMMYFUNCTION("""COMPUTED_VALUE"""),"Client (APK)") -> Client (APK) | C43: =IFERROR(__xludf.DUMMYFUNCTION("""COMPUTED_VALUE"""),"Profile") -> Profile | D43: =IFERROR(__xludf.DUMMYFUNCTION("""COMPUTED_VALUE"""),"An error bar has appeared in the edit profile section.") -> An error bar has appeared in the edit profile section. | E43: =IFERROR(__xludf.DUMMYFUNCTION("""COMPUTED_VALUE"""),"The user needs to have the APK running on their mobile device.") -> The user needs to have the APK running on their mobile device. | F43: =IFERROR(__xludf.DUMMYFUNCTION("""COMPUTED_VALUE"""),"1. Open app 2. Click on Client button 3. Login using valid credentials 4. Goto profile section") -> 1. Open app 2. Click on Client button 3. Login using valid credentials 4. Goto profile section | G43: =IFERROR(__xludf.DUMMYFUNCTION("""COMPUTED_VALUE"""),"email: itcrlbmzxpfmfowcfe@xfavaj.com password: 1122334455") -> email: itcrlbmzxpfmfowcfe@xfavaj.com password: 1122334455 | H43: =IFERROR(__xludf.DUMMYFUNCTION("""COMPUTED_VALUE"""),"The app should function smoothly on the user's side without any issues or conflicts.") -> The app should function smoothly on the user's side without any issues or conflicts. | I43: =IFERROR(__xludf.DUMMYFUNCTION("""COMPUTED_VALUE"""),"During the page transition between editing profiles, an error bar is faintly visible to the naked eye.") -> During the page transition between editing profiles, an error bar is faintly visible to the naked eye. | J43: =IFERROR(__xludf.DUMMYFUNCTION("""COMPUTED_VALUE"""),"Fail") -> Fail | K43: =IFERROR(__xludf.DUMMYFUNCTION("""COMPUTED_VALUE"""),"Medium") -> Medium | L43: =IFERROR(__xludf.DUMMYFUNCTION("""COMPUTED_VALUE"""),"https://drive.google.com/file/d/1JILOLDJL3ZWUtIgXsdtqYVhSS2SsivjF/view?usp=drive_link") -> https://drive.google.com/file/d/1JILOLDJL3ZWUtIgXsdtqYVhSS2SsivjF/view?usp=drive_link | N43: =IFERROR(__xludf.DUMMYFUNCTION("""COMPUTED_VALUE"""),"Fahad") -> Fahad
A44: BR-034 | B44: =IFERROR(__xludf.DUMMYFUNCTION("""COMPUTED_VALUE"""),"Client (APK)") -> Client (APK) | C44: =IFERROR(__xludf.DUMMYFUNCTION("""COMPUTED_VALUE"""),"Profile") -> Profile | D44: =IFERROR(__xludf.DUMMYFUNCTION("""COMPUTED_VALUE"""),"The app logo is showing up in the profile section, even though it wasn't part of the client requirements.") -> The app logo is showing up in the profile section, even though it wasn't part of the client requirements. | E44: =IFERROR(__xludf.DUMMYFUNCTION("""COMPUTED_VALUE"""),"The user needs to have the APK running on their mobile device.") -> The user needs to have the APK running on their mobile device. | F44: =IFERROR(__xludf.DUMMYFUNCTION("""COMPUTED_VALUE"""),"1. Open app 2. Click on Client button 3. Login using valid credential 4. Goto profile section") -> 1. Open app 2. Click on Client button 3. Login using valid credential 4. Goto profile section | G44: =IFERROR(__xludf.DUMMYFUNCTION("""COMPUTED_VALUE"""),"email: itcrlbmzxpfmfowcfe@xfavaj.com password: 1122334455") -> email: itcrlbmzxpfmfowcfe@xfavaj.com password: 1122334455 | H44: =IFERROR(__xludf.DUMMYFUNCTION("""COMPUTED_VALUE"""),"App flow design should align with client requirements.") -> App flow design should align with client requirements. | I44: =IFERROR(__xludf.DUMMYFUNCTION("""COMPUTED_VALUE"""),"A logo has been observed on the profile page, which was not included in the client requirements.") -> A logo has been observed on the profile page, which was not included in the client requirements. | J44: =IFERROR(__xludf.DUMMYFUNCTION("""COMPUTED_VALUE"""),"Fail") -> Fail | K44: =IFERROR(__xludf.DUMMYFUNCTION("""COMPUTED_VALUE"""),"Low") -> Low | L44: =IFERROR(__xludf.DUMMYFUNCTION("""COMPUTED_VALUE"""),"https://drive.google.com/file/d/1peyCAyGuVmf8hAUGmlgxXsx5UMbuKPcp/view?usp=drive_link") -> https://drive.google.com/file/d/1peyCAyGuVmf8hAUGmlgxXsx5UMbuKPcp/view?usp=drive_link | N44: =IFERROR(__xludf.DUMMYFUNCTION("""COMPUTED_VALUE"""),"Fahad") -> Fahad
A45: BR-035 | B45: =IFERROR(__xludf.DUMMYFUNCTION("""COMPUTED_VALUE"""),"Client (APK)") -> Client (APK) | C45: =IFERROR(__xludf.DUMMYFUNCTION("""COMPUTED_VALUE"""),"Profile") -> Profile | D45: =IFERROR(__xludf.DUMMYFUNCTION("""COMPUTED_VALUE"""),"Updating the user name does not dynamically change it in the user profile.") -> Updating the user name does not dynamically change it in the user profile. | E45: =IFERROR(__xludf.DUMMYFUNCTION("""COMPUTED_VALUE"""),"The user needs to have the APK running on their mobile device.") -> The user needs to have the APK running on their mobile device. | F45: =IFERROR(__xludf.DUMMYFUNCTION("""COMPUTED_VALUE"""),"1. Open app 2. Click on Client button 3. Login using valid credential 4. Goto Profile Section") -> 1. Open app 2. Click on Client button 3. Login using valid credential 4. Goto Profile Section | G45: =IFERROR(__xludf.DUMMYFUNCTION("""COMPUTED_VALUE"""),"email: itcrlbmzxpfmfowcfe@xfavaj.com password: 1122334455") -> email: itcrlbmzxpfmfowcfe@xfavaj.com password: 1122334455 | H45: =IFERROR(__xludf.DUMMYFUNCTION("""COMPUTED_VALUE"""),"The username should update dynamically whenever the user modifies their profile.") -> The username should update dynamically whenever the user modifies their profile. | I45: =IFERROR(__xludf.DUMMYFUNCTION("""COMPUTED_VALUE"""),"The username on the profile page doesn't update unless the page is refreshed or navigated away.") -> The username on the profile page doesn't update unless the page is refreshed or navigated away. | J45: =IFERROR(__xludf.DUMMYFUNCTION("""COMPUTED_VALUE"""),"Fail") -> Fail | K45: =IFERROR(__xludf.DUMMYFUNCTION("""COMPUTED_VALUE"""),"Medium") -> Medium | L45: =IFERROR(__xludf.DUMMYFUNCTION("""COMPUTED_VALUE"""),"https://drive.google.com/file/d/1RbtUnvLHsD55thLNeEVwQ1MgI9Z7xuPz/view?usp=drive_link") -> https://drive.google.com/file/d/1RbtUnvLHsD55thLNeEVwQ1MgI9Z7xuPz/view?usp=drive_link | N45: =IFERROR(__xludf.DUMMYFUNCTION("""COMPUTED_VALUE"""),"Fahad") -> Fahad
A46: BR-036 | B46: =IFERROR(__xludf.DUMMYFUNCTION("""COMPUTED_VALUE"""),"Client (APK)") -> Client (APK) | C46: =IFERROR(__xludf.DUMMYFUNCTION("""COMPUTED_VALUE"""),"Profile") -> Profile | D46: =IFERROR(__xludf.DUMMYFUNCTION("""COMPUTED_VALUE"""),"The profile information submit bar is misaligned.") -> The profile information submit bar is misaligned. | E46: =IFERROR(__xludf.DUMMYFUNCTION("""COMPUTED_VALUE"""),"The user needs to have the APK running on their mobile device.") -> The user needs to have the APK running on their mobile device. | F46: =IFERROR(__xludf.DUMMYFUNCTION("""COMPUTED_VALUE"""),"1. Open app 2. Click on Client button 3. Login using valid credential 4. Goto Profile Section") -> 1. Open app 2. Click on Client button 3. Login using valid credential 4. Goto Profile Section | G46: =IFERROR(__xludf.DUMMYFUNCTION("""COMPUTED_VALUE"""),"email: itcrlbmzxpfmfowcfe@xfavaj.com password: 1122334455") -> email: itcrlbmzxpfmfowcfe@xfavaj.com password: 1122334455 | H46: =IFERROR(__xludf.DUMMYFUNCTION("""COMPUTED_VALUE"""),"Proper alignment is essential for enhancing user engagement.") -> Proper alignment is essential for enhancing user engagement. | I46: =IFERROR(__xludf.DUMMYFUNCTION("""COMPUTED_VALUE"""),"Misalignment has been noticed, which can lead to user dissatisfaction.") -> Misalignment has been noticed, which can lead to user dissatisfaction. | J46: =IFERROR(__xludf.DUMMYFUNCTION("""COMPUTED_VALUE"""),"Fail") -> Fail | K46: =IFERROR(__xludf.DUMMYFUNCTION("""COMPUTED_VALUE"""),"Medium") -> Medium | L46: =IFERROR(__xludf.DUMMYFUNCTION("""COMPUTED_VALUE"""),"https://drive.google.com/file/d/12zZZkoeIIt7uIINMkN7lZASb7hHmx1ku/view?usp=drive_link") -> https://drive.google.com/file/d/12zZZkoeIIt7uIINMkN7lZASb7hHmx1ku/view?usp=drive_link | N46: =IFERROR(__xludf.DUMMYFUNCTION("""COMPUTED_VALUE"""),"Fahad") -> Fahad
A47: BR-037 | B47: =IFERROR(__xludf.DUMMYFUNCTION("""COMPUTED_VALUE"""),"Client (APK)") -> Client (APK) | C47: =IFERROR(__xludf.DUMMYFUNCTION("""COMPUTED_VALUE"""),"Profile") -> Profile | D47: =IFERROR(__xludf.DUMMYFUNCTION("""COMPUTED_VALUE"""),"The edit button on the profile editing page.") -> The edit button on the profile editing page. | E47: =IFERROR(__xludf.DUMMYFUNCTION("""COMPUTED_VALUE"""),"The user needs to have the APK running on their mobile device.") -> The user needs to have the APK running on their mobile device. | F47: =IFERROR(__xludf.DUMMYFUNCTION("""COMPUTED_VALUE"""),"1. Open app 2. Click on Client button 3. Login using valid credential 4. Goto Profile Section") -> 1. Open app 2. Click on Client button 3. Login using valid credential 4. Goto Profile Section | G47: =IFERROR(__xludf.DUMMYFUNCTION("""COMPUTED_VALUE"""),"email: itcrlbmzxpfmfowcfe@xfavaj.com password: 1122334455") -> email: itcrlbmzxpfmfowcfe@xfavaj.com password: 1122334455 | H47: =IFERROR(__xludf.DUMMYFUNCTION("""COMPUTED_VALUE"""),"No additional edit button should appear on the edit page since the user is already in the edit profile section.") -> No additional edit button should appear on the edit page since the user is already in the edit profile section. | I47: =IFERROR(__xludf.DUMMYFUNCTION("""COMPUTED_VALUE"""),"The edit button on the edit profile section seems unnecessary and illogical.") -> The edit button on the edit profile section seems unnecessary and illogical. | J47: =IFERROR(__xludf.DUMMYFUNCTION("""COMPUTED_VALUE"""),"Fail") -> Fail | K47: =IFERROR(__xludf.DUMMYFUNCTION("""COMPUTED_VALUE"""),"Low") -> Low | L47: =IFERROR(__xludf.DUMMYFUNCTION("""COMPUTED_VALUE"""),"https://drive.google.com/file/d/1tLz7FYBRXK9Eu6YDRz9Y0FsFd89qfRJw/view?usp=drive_link") -> https://drive.google.com/file/d/1tLz7FYBRXK9Eu6YDRz9Y0FsFd89qfRJw/view?usp=drive_link | N47: =IFERROR(__xludf.DUMMYFUNCTION("""COMPUTED_VALUE"""),"Fahad") -> Fahad
A48: BR-038 | B48: =IFERROR(__xludf.DUMMYFUNCTION("""COMPUTED_VALUE"""),"Client (APK)") -> Client (APK) | C48: =IFERROR(__xludf.DUMMYFUNCTION("""COMPUTED_VALUE"""),"Profile") -> Profile | D48: =IFERROR(__xludf.DUMMYFUNCTION("""COMPUTED_VALUE"""),"Date of birth on edit profile can be change") -> Date of birth on edit profile can be change | E48: =IFERROR(__xludf.DUMMYFUNCTION("""COMPUTED_VALUE"""),"The user needs to have the APK running on their mobile device.") -> The user needs to have the APK running on their mobile device. | F48: =IFERROR(__xludf.DUMMYFUNCTION("""COMPUTED_VALUE"""),"1. Open app 2. Click on Client button 3. Login using valid credential 4. Goto Profile Section") -> 1. Open app 2. Click on Client button 3. Login using valid credential 4. Goto Profile Section | G48: =IFERROR(__xludf.DUMMYFUNCTION("""COMPUTED_VALUE"""),"email: itcrlbmzxpfmfowcfe@xfavaj.com password: 1122334455") -> email: itcrlbmzxpfmfowcfe@xfavaj.com password: 1122334455 | H48: =IFERROR(__xludf.DUMMYFUNCTION("""COMPUTED_VALUE"""),"The date of birth should be updated only once when the user creates their profile. After that, it should remain unchanged.") -> The date of birth should be updated only once when the user creates their profile. After that, it should remain unchanged. | I48: =IFERROR(__xludf.DUMMYFUNCTION("""COMPUTED_VALUE"""),"User can update your date of birth in the edit profile section.") -> User can update your date of birth in the edit profile section. | J48: =IFERROR(__xludf.DUMMYFUNCTION("""COMPUTED_VALUE"""),"Fail") -> Fail | K48: =IFERROR(__xludf.DUMMYFUNCTION("""COMPUTED_VALUE"""),"Medium") -> Medium | L48: =IFERROR(__xludf.DUMMYFUNCTION("""COMPUTED_VALUE"""),"https://drive.google.com/file/d/1bFQYk40PYBndphFPjwWfT30fA6DO3DzV/view?usp=drive_link") -> https://drive.google.com/file/d/1bFQYk40PYBndphFPjwWfT30fA6DO3DzV/view?usp=drive_link | M48: =IFERROR(__xludf.DUMMYFUNCTION("""COMPUTED_VALUE"""),"The best approach is to require users to input their date of birth when creating a profile initially. If the client requires the option to update the date, a one-time update feature can be implemented, which would be beneficial for the client side.") -> The best approach is to require users to input their date of birth when creating a profile initially. If the client requires the option to update the date, a one-time update feature can be implemented, which would be beneficial for the client side. | N48: =IFERROR(__xludf.DUMMYFUNCTION("""COMPUTED_VALUE"""),"Fahad") -> Fahad
A49: BR-039 | B49: =IFERROR(__xludf.DUMMYFUNCTION("""COMPUTED_VALUE"""),"Client (APK)") -> Client (APK) | C49: =IFERROR(__xludf.DUMMYFUNCTION("""COMPUTED_VALUE"""),"Profile") -> Profile | D49: =IFERROR(__xludf.DUMMYFUNCTION("""COMPUTED_VALUE"""),"Unable to enter the date of birth in the edit profile section.") -> Unable to enter the date of birth in the edit profile section. | E49: =IFERROR(__xludf.DUMMYFUNCTION("""COMPUTED_VALUE"""),"The user needs to have the APK running on their mobile device.") -> The user needs to have the APK running on their mobile device. | F49: =IFERROR(__xludf.DUMMYFUNCTION("""COMPUTED_VALUE"""),"1. Open app 2. Click on Client button 3. Login using valid credential 4. Goto Profile Section") -> 1. Open app 2. Click on Client button 3. Login using valid credential 4. Goto Profile Section | G49: =IFERROR(__xludf.DUMMYFUNCTION("""COMPUTED_VALUE"""),"email: itcrlbmzxpfmfowcfe@xfavaj.com password: 1122334455") -> email: itcrlbmzxpfmfowcfe@xfavaj.com password: 1122334455 | H49: =IFERROR(__xludf.DUMMYFUNCTION("""COMPUTED_VALUE"""),"The date of birth should be updated only once when the user creates their profile. After that, it should remain unchanged.") -> The date of birth should be updated only once when the user creates their profile. After that, it should remain unchanged. | I49: =IFERROR(__xludf.DUMMYFUNCTION("""COMPUTED_VALUE"""),"User can update your date of birth in the edit profile section.") -> User can update your date of birth in the edit profile section. | J49: =IFERROR(__xludf.DUMMYFUNCTION("""COMPUTED_VALUE"""),"Fail") -> Fail | K49: =IFERROR(__xludf.DUMMYFUNCTION("""COMPUTED_VALUE"""),"High") -> High | L49: =IFERROR(__xludf.DUMMYFUNCTION("""COMPUTED_VALUE"""),"https://drive.google.com/file/d/1Gt5Puly1E-sAvpeI4mSzi1RZP0R_L4yu/view?usp=drive_link") -> https://drive.google.com/file/d/1Gt5Puly1E-sAvpeI4mSzi1RZP0R_L4yu/view?usp=drive_link | M49: =IFERROR(__xludf.DUMMYFUNCTION("""COMPUTED_VALUE"""),"The best approach is to require users to input their date of birth when creating a profile initially. If the client requires the option to update the date, a one-time update feature can be implemented, which would be beneficial for the client side.") -> The best approach is to require users to input their date of birth when creating a profile initially. If the client requires the option to update the date, a one-time update feature can be implemented, which would be beneficial for the client side. | N49: =IFERROR(__xludf.DUMMYFUNCTION("""COMPUTED_VALUE"""),"Fahad") -> Fahad
A50: BR-040 | B50: =IFERROR(__xludf.DUMMYFUNCTION("""COMPUTED_VALUE"""),"Client (APK)") -> Client (APK) | C50: =IFERROR(__xludf.DUMMYFUNCTION("""COMPUTED_VALUE"""),"Profile") -> Profile | D50: =IFERROR(__xludf.DUMMYFUNCTION("""COMPUTED_VALUE"""),"The friend invitation was unsuccessful.") -> The friend invitation was unsuccessful. | E50: =IFERROR(__xludf.DUMMYFUNCTION("""COMPUTED_VALUE"""),"The user needs to have the APK running on their mobile device.") -> The user needs to have the APK running on their mobile device. | F50: =IFERROR(__xludf.DUMMYFUNCTION("""COMPUTED_VALUE"""),"1. Open app 2. Click on Client button 3. Login using valid credential 4. Goto Profile Section") -> 1. Open app 2. Click on Client button 3. Login using valid credential 4. Goto Profile Section | G50: =IFERROR(__xludf.DUMMYFUNCTION("""COMPUTED_VALUE"""),"email: lowovip595@elobits.com password: 112244557788") -> email: lowovip595@elobits.com password: 112244557788 | H50: =IFERROR(__xludf.DUMMYFUNCTION("""COMPUTED_VALUE"""),"Users should have the ability to invite their friends via email.") -> Users should have the ability to invite their friends via email. | I50: =IFERROR(__xludf.DUMMYFUNCTION("""COMPUTED_VALUE"""),"The user invitation was unsuccessful.") -> The user invitation was unsuccessful. | J50: =IFERROR(__xludf.DUMMYFUNCTION("""COMPUTED_VALUE"""),"Fail") -> Fail | K50: =IFERROR(__xludf.DUMMYFUNCTION("""COMPUTED_VALUE"""),"High") -> High | L50: =IFERROR(__xludf.DUMMYFUNCTION("""COMPUTED_VALUE"""),"https://drive.google.com/file/d/1_Tv60KP7Tkjkh7iHUX0DXhCzqf0GqRa6/view?usp=drive_link") -> https://drive.google.com/file/d/1_Tv60KP7Tkjkh7iHUX0DXhCzqf0GqRa6/view?usp=drive_link | N50: =IFERROR(__xludf.DUMMYFUNCTION("""COMPUTED_VALUE"""),"Fahad") -> Fahad
A51: BR-041 | B51: =IFERROR(__xludf.DUMMYFUNCTION("""COMPUTED_VALUE"""),"Client (APK)") -> Client (APK) | C51: =IFERROR(__xludf.DUMMYFUNCTION("""COMPUTED_VALUE"""),"Rewards") -> Rewards | D51: =IFERROR(__xludf.DUMMYFUNCTION("""COMPUTED_VALUE"""),"There seems to be an alignment issue.") -> There seems to be an alignment issue. | E51: =IFERROR(__xludf.DUMMYFUNCTION("""COMPUTED_VALUE"""),"The user needs to have the APK running on their mobile device.") -> The user needs to have the APK running on their mobile device. | F51: =IFERROR(__xludf.DUMMYFUNCTION("""COMPUTED_VALUE"""),"1. Open app 2. Click on Client button 3. Login using valid credential 4. Goto Home page 5. Click on seetings 6. Goto to My reward") -> 1. Open app 2. Click on Client button 3. Login using valid credential 4. Goto Home page 5. Click on seetings 6. Goto to My reward | G51: =IFERROR(__xludf.DUMMYFUNCTION("""COMPUTED_VALUE"""),"email: lowovip595@elobits.com password: 112244557788") -> email: lowovip595@elobits.com password: 112244557788 | H51: =IFERROR(__xludf.DUMMYFUNCTION("""COMPUTED_VALUE"""),"Alignment and design should match the client's requirements.") -> Alignment and design should match the client's requirements. | I51: =IFERROR(__xludf.DUMMYFUNCTION("""COMPUTED_VALUE"""),"A different design and layout have been observed.") -> A different design and layout have been observed. | J51: =IFERROR(__xludf.DUMMYFUNCTION("""COMPUTED_VALUE"""),"Fail") -> Fail | K51: =IFERROR(__xludf.DUMMYFUNCTION("""COMPUTED_VALUE"""),"Low") -> Low | L51: =IFERROR(__xludf.DUMMYFUNCTION("""COMPUTED_VALUE"""),"https://drive.google.com/file/d/12Cm5nTsruL5XSoLlq8Yxoce1pw1qnBLP/view?usp=drive_link") -> https://drive.google.com/file/d/12Cm5nTsruL5XSoLlq8Yxoce1pw1qnBLP/view?usp=drive_link | N51: =IFERROR(__xludf.DUMMYFUNCTION("""COMPUTED_VALUE"""),"Fahad") -> Fahad
A52: BR-042 | B52: =IFERROR(__xludf.DUMMYFUNCTION("""COMPUTED_VALUE"""),"Client (APK)") -> Client (APK) | C52: =IFERROR(__xludf.DUMMYFUNCTION("""COMPUTED_VALUE"""),"SignUp") -> SignUp | D52: =IFERROR(__xludf.DUMMYFUNCTION("""COMPUTED_VALUE"""),"The signup page title is slightly different from the client's requirements.") -> The signup page title is slightly different from the client's requirements. | E52: =IFERROR(__xludf.DUMMYFUNCTION("""COMPUTED_VALUE"""),"The user needs to have the APK running on their mobile device.") -> The user needs to have the APK running on their mobile device. | F52: =IFERROR(__xludf.DUMMYFUNCTION("""COMPUTED_VALUE"""),"1. Open app 2. Click on Client button 3. Click on Login 4. Click on Signup") -> 1. Open app 2. Click on Client button 3. Click on Login 4. Click on Signup | G52: =IFERROR(__xludf.DUMMYFUNCTION("""COMPUTED_VALUE"""),"N/A") -> N/A | H52: =IFERROR(__xludf.DUMMYFUNCTION("""COMPUTED_VALUE"""),"The page title for signup should match the client requirement, which is ""Sign Up"".") -> The page title for signup should match the client requirement, which is "Sign Up". | I52: =IFERROR(__xludf.DUMMYFUNCTION("""COMPUTED_VALUE"""),"A different title was displayed on the signup page.") -> A different title was displayed on the signup page. | J52: =IFERROR(__xludf.DUMMYFUNCTION("""COMPUTED_VALUE"""),"Fail") -> Fail | K52: =IFERROR(__xludf.DUMMYFUNCTION("""COMPUTED_VALUE"""),"Low") -> Low | L52: =IFERROR(__xludf.DUMMYFUNCTION("""COMPUTED_VALUE"""),"https://drive.google.com/file/d/137_IAutQm0DnUI1gB8itRAnvYJAmFeXA/view?usp=drive_link") -> https://drive.google.com/file/d/137_IAutQm0DnUI1gB8itRAnvYJAmFeXA/view?usp=drive_link | N52: =IFERROR(__xludf.DUMMYFUNCTION("""COMPUTED_VALUE"""),"Fahad") -> Fahad
A53: BR-043 | B53: =IFERROR(__xludf.DUMMYFUNCTION("""COMPUTED_VALUE"""),"Client (APK)") -> Client (APK) | C53: =IFERROR(__xludf.DUMMYFUNCTION("""COMPUTED_VALUE"""),"SignUp") -> SignUp | D53: =IFERROR(__xludf.DUMMYFUNCTION("""COMPUTED_VALUE"""),"The password field has been added to the signup page.") -> The password field has been added to the signup page. | E53: =IFERROR(__xludf.DUMMYFUNCTION("""COMPUTED_VALUE"""),"The user needs to have the APK running on their mobile device.") -> The user needs to have the APK running on their mobile device. | F53: =IFERROR(__xludf.DUMMYFUNCTION("""COMPUTED_VALUE"""),"1. Open app 2. Click on Client button 3. Click on Login 4. Click on Signup") -> 1. Open app 2. Click on Client button 3. Click on Login 4. Click on Signup | G53: =IFERROR(__xludf.DUMMYFUNCTION("""COMPUTED_VALUE"""),"N/A") -> N/A | H53: =IFERROR(__xludf.DUMMYFUNCTION("""COMPUTED_VALUE"""),"The signup page should include fields for the user's name, email, and contact number, as per the client's requirements.") -> The signup page should include fields for the user's name, email, and contact number, as per the client's requirements. | I53: =IFERROR(__xludf.DUMMYFUNCTION("""COMPUTED_VALUE"""),"An additional password field is present on the signup page, which is logically not valid.") -> An additional password field is present on the signup page, which is logically not valid. | J53: =IFERROR(__xludf.DUMMYFUNCTION("""COMPUTED_VALUE"""),"Fail") -> Fail | K53: =IFERROR(__xludf.DUMMYFUNCTION("""COMPUTED_VALUE"""),"Low") -> Low | L53: =IFERROR(__xludf.DUMMYFUNCTION("""COMPUTED_VALUE"""),"https://drive.google.com/file/d/1yzOF9rTHhxP77BLFZDCEz0CJ9j5EreVH/view?usp=drive_link") -> https://drive.google.com/file/d/1yzOF9rTHhxP77BLFZDCEz0CJ9j5EreVH/view?usp=drive_link | N53: =IFERROR(__xludf.DUMMYFUNCTION("""COMPUTED_VALUE"""),"Fahad") -> Fahad
A54: BR-044 | B54: =IFERROR(__xludf.DUMMYFUNCTION("""COMPUTED_VALUE"""),"Client (APK)") -> Client (APK) | C54: =IFERROR(__xludf.DUMMYFUNCTION("""COMPUTED_VALUE"""),"SignUp") -> SignUp | D54: =IFERROR(__xludf.DUMMYFUNCTION("""COMPUTED_VALUE"""),"The partition of country codes and numbers is missing in the APK.") -> The partition of country codes and numbers is missing in the APK. | E54: =IFERROR(__xludf.DUMMYFUNCTION("""COMPUTED_VALUE"""),"The user needs to have the APK running on their mobile device.") -> The user needs to have the APK running on their mobile device. | F54: =IFERROR(__xludf.DUMMYFUNCTION("""COMPUTED_VALUE"""),"1. Open app 2. Click on Client button 3. Click on Login 4. Click on Signup") -> 1. Open app 2. Click on Client button 3. Click on Login 4. Click on Signup | G54: =IFERROR(__xludf.DUMMYFUNCTION("""COMPUTED_VALUE"""),"N/A") -> N/A | H54: =IFERROR(__xludf.DUMMYFUNCTION("""COMPUTED_VALUE"""),"The separation between the contact's international code and the contact number should be clear and visible.") -> The separation between the contact's international code and the contact number should be clear and visible. | I54: =IFERROR(__xludf.DUMMYFUNCTION("""COMPUTED_VALUE"""),"The partition bar is missing in the contact number field on the signup page.") -> The partition bar is missing in the contact number field on the signup page. | J54: =IFERROR(__xludf.DUMMYFUNCTION("""COMPUTED_VALUE"""),"Fail") -> Fail | K54: =IFERROR(__xludf.DUMMYFUNCTION("""COMPUTED_VALUE"""),"Low") -> Low | L54: =IFERROR(__xludf.DUMMYFUNCTION("""COMPUTED_VALUE"""),"https://drive.google.com/file/d/19OFGB8yI6Tf1inb-a0baZQXWDcWpTwN6/view?usp=drive_link") -> https://drive.google.com/file/d/19OFGB8yI6Tf1inb-a0baZQXWDcWpTwN6/view?usp=drive_link | N54: =IFERROR(__xludf.DUMMYFUNCTION("""COMPUTED_VALUE"""),"Fahad") -> Fahad
A55: BR-045 | B55: =IFERROR(__xludf.DUMMYFUNCTION("""COMPUTED_VALUE"""),"Client (APK)") -> Client (APK) | C55: =IFERROR(__xludf.DUMMYFUNCTION("""COMPUTED_VALUE"""),"Start Page") -> Start Page | D55: =IFERROR(__xludf.DUMMYFUNCTION("""COMPUTED_VALUE"""),"The logo is a bit small.") -> The logo is a bit small. | E55: =IFERROR(__xludf.DUMMYFUNCTION("""COMPUTED_VALUE"""),"The user needs to have the APK running on their mobile device.") -> The user needs to have the APK running on their mobile device. | F55: =IFERROR(__xludf.DUMMYFUNCTION("""COMPUTED_VALUE"""),"1. Open app") -> 1. Open app | H55: =IFERROR(__xludf.DUMMYFUNCTION("""COMPUTED_VALUE"""),"The app's logo should be larger to catch the client's attention.") -> The app's logo should be larger to catch the client's attention. | I55: =IFERROR(__xludf.DUMMYFUNCTION("""COMPUTED_VALUE"""),"The app logo appears too small when the application launches.") -> The app logo appears too small when the application launches. | J55: =IFERROR(__xludf.DUMMYFUNCTION("""COMPUTED_VALUE"""),"Fail") -> Fail | K55: =IFERROR(__xludf.DUMMYFUNCTION("""COMPUTED_VALUE"""),"Low") -> Low | L55: =IFERROR(__xludf.DUMMYFUNCTION("""COMPUTED_VALUE"""),"https://drive.google.com/file/d/1RFb7u1ZHfXg9BeNBpxaU6znbd1L7l1pY/view?usp=drive_link") -> https://drive.google.com/file/d/1RFb7u1ZHfXg9BeNBpxaU6znbd1L7l1pY/view?usp=drive_link | N55: =IFERROR(__xludf.DUMMYFUNCTION("""COMPUTED_VALUE"""),"Fahad") -> Fahad
A56: BR-046 | B56: =IFERROR(__xludf.DUMMYFUNCTION("""COMPUTED_VALUE"""),"Client (APK)") -> Client (APK) | C56: =IFERROR(__xludf.DUMMYFUNCTION("""COMPUTED_VALUE"""),"Wallet") -> Wallet | D56: =IFERROR(__xludf.DUMMYFUNCTION("""COMPUTED_VALUE"""),"The wallet background does not match the client's requirements.") -> The wallet background does not match the client's requirements. | E56: =IFERROR(__xludf.DUMMYFUNCTION("""COMPUTED_VALUE"""),"The user needs to have the APK running on their mobile device.") -> The user needs to have the APK running on their mobile device. | F56: =IFERROR(__xludf.DUMMYFUNCTION("""COMPUTED_VALUE"""),"1. Open app 2. Click on Client button 3. Login using valid credential 4. Goto Home page 5. Click on Wallet") -> 1. Open app 2. Click on Client button 3. Login using valid credential 4. Goto Home page 5. Click on Wallet | G56: =IFERROR(__xludf.DUMMYFUNCTION("""COMPUTED_VALUE"""),"email: lowovip595@elobits.com password: 112244557788") -> email: lowovip595@elobits.com password: 112244557788 | H56: =IFERROR(__xludf.DUMMYFUNCTION("""COMPUTED_VALUE"""),"Alignment and design should match the client's requirements.") -> Alignment and design should match the client's requirements. | I56: =IFERROR(__xludf.DUMMYFUNCTION("""COMPUTED_VALUE"""),"A different design and layout have been observed.") -> A different design and layout have been observed. | J56: =IFERROR(__xludf.DUMMYFUNCTION("""COMPUTED_VALUE"""),"Fail") -> Fail | K56: =IFERROR(__xludf.DUMMYFUNCTION("""COMPUTED_VALUE"""),"Low") -> Low | L56: =IFERROR(__xludf.DUMMYFUNCTION("""COMPUTED_VALUE"""),"https://drive.google.com/file/d/1vuwLGy45Ov_jwNwkOWM8j2I8mdmSQiLp/view?usp=drive_link") -> https://drive.google.com/file/d/1vuwLGy45Ov_jwNwkOWM8j2I8mdmSQiLp/view?usp=drive_link | N56: =IFERROR(__xludf.DUMMYFUNCTION("""COMPUTED_VALUE"""),"Fahad") -> Fahad
A57: BR-047 | B57: =IFERROR(__xludf.DUMMYFUNCTION("""COMPUTED_VALUE"""),"Client (APK)") -> Client (APK) | C57: =IFERROR(__xludf.DUMMYFUNCTION("""COMPUTED_VALUE"""),"Wallet") -> Wallet | D57: =IFERROR(__xludf.DUMMYFUNCTION("""COMPUTED_VALUE"""),"Add payment methode cut down one payment gateway ") -> Add payment methode cut down one payment gateway | E57: =IFERROR(__xludf.DUMMYFUNCTION("""COMPUTED_VALUE"""),"The user needs to have the APK running on their mobile device.") -> The user needs to have the APK running on their mobile device. | F57: =IFERROR(__xludf.DUMMYFUNCTION("""COMPUTED_VALUE"""),"1. Open app 2. Click on Client button 3. Login using valid credential 4. Goto Home page 5. Click on wallet") -> 1. Open app 2. Click on Client button 3. Login using valid credential 4. Goto Home page 5. Click on wallet | G57: =IFERROR(__xludf.DUMMYFUNCTION("""COMPUTED_VALUE"""),"email: lowovip595@elobits.com password: 112244557788") -> email: lowovip595@elobits.com password: 112244557788 | H57: =IFERROR(__xludf.DUMMYFUNCTION("""COMPUTED_VALUE"""),"All payment gateways should be clearly visible on the client side.") -> All payment gateways should be clearly visible on the client side. | I57: =IFERROR(__xludf.DUMMYFUNCTION("""COMPUTED_VALUE"""),"Apple Pay reduced its visibility in the payment gateway display.") -> Apple Pay reduced its visibility in the payment gateway display. | J57: =IFERROR(__xludf.DUMMYFUNCTION("""COMPUTED_VALUE"""),"Fail") -> Fail | K57: =IFERROR(__xludf.DUMMYFUNCTION("""COMPUTED_VALUE"""),"High") -> High | L57: =IFERROR(__xludf.DUMMYFUNCTION("""COMPUTED_VALUE"""),"https://drive.google.com/file/d/1COZrnyKh5NUytg_K2txs6xE4q7KEHg-m/view?usp=drive_link") -> https://drive.google.com/file/d/1COZrnyKh5NUytg_K2txs6xE4q7KEHg-m/view?usp=drive_link | N57: =IFERROR(__xludf.DUMMYFUNCTION("""COMPUTED_VALUE"""),"Fahad") -> Fahad
A58: BR-048
A59: BR-049
A60: BR-050

Sheet Tahsin
A2: Tester : | D2: Severity | E2: Issues
A3: Project Name: | D3: High | E3: =COUNTIF(K14:K1005, "High") -> 0
A4: Project URL: | D4: Medium | E4: =COUNTIF(K14:K1006, "Medium") -> 0
A5: Developer: | D5: Low | E5: =COUNTIF(K14:K1007, "Low") -> 0
A6: OS:
A7: Environment | D7: Total Test Cases: | E7: =SUM(E3:E5) -> 0
D8: Test Case Solved :
A14: Test Case ID | B14: Module | C14: Sub Module | D14: Test Case Description | E14: Preconditions | F14: Test Steps | G14: Test Data | H14: Expected Result | I14: Actual Result | J14: Status | K14: Severity | L14: Screen Shots | M14: Suggestion | N14: Feedback

Sheet Fahad
A1: Tester : | B1: Mohammed Fahad Faisal
A2: Project Name: | B2: Thai Massage
A3: Developer: | B3: AI Venture
A4: OS:
A5: Environment
A7: Test ID | B7: Module | C7: Sub Module | D7: Test Case Description | E7: Preconditions | F7: Test Steps | G7: Test Data | H7: Expected Result | I7: Actual Result | J7: Status | K7: Severity | L7: Screen Shots | M7: Suggestion | N7: Feedback
A8: BR-001 | B8: Client (APK) | C8: Login | D8: The login and signup buttons remain as "Client" when the user has already selected "Client" in a previous operation. | E8: The user needs to have the APK running on their mobile device. | F8: 1. Open app 2. Click on Client button | G8: N/A | H8: Button names should align with client requirements. | I8: The button name "Login as client" is displayed instead of "Login." | J8: Fail | K8: Low | L8: https://jam.dev/c/ee57675a-f88f-48a4-a150-f334c0b3b244
A10: BR-002 | B10: Client (APK) | C10: Login | D10: The app logo appears slightly shorter than usual. | E10: The user needs to have the APK running on their mobile device. | F10: 1. Open app 2. Click on Client button 3. Click on Login | G10: N/A | H10: The app logo should be prominently displayed to catch users' attention. | I10: A slightly shorter logo was noticed. | J10: Fail | K10: Low | L10: 1.png | M10: Make it slightly larger to catch the user's attention.
A12: BR-003 | B12: Client (APK) | C12: Login | D12: The password visibility icon is missing on the client login page. | E12: The user needs to have the APK running on their mobile device. | F12: 1. Open app 2. Click on Client button 3. Click on Login | G12: N/A | H12: The password field should display the password visibly with a hide icon to enhance user convenience. | I12: The absence of the password visibility icon has been noted. | J12: Fail | K12: Medium | L12: https://jam.dev/c/7e6fdbbf-6f54-4449-933b-872542d4e03c
A14: BR-004 | B14: Client (APK) | C14: SignUp | D14: The signup page title is slightly different from the client's requirements. | E14: The user needs to have the APK running on their mobile device. | F14: 1. Open app 2. Click on Client button 3. Click on Login 4. Click on Signup | G14: N/A | H14: The page title for signup should match the client requirement, which is "Sign Up". | I14: A different title was displayed on the signup page. | J14: Fail | K14: Low | L14: https://drive.google.com/file/d/137_IAutQm0DnUI1gB8itRAnvYJAmFeXA/view?usp=drive_link
A16: BR-005 | B16: Client (APK) | C16: SignUp | D16: The password field has been added to the signup page. | E16: The user needs to have the APK running on their mobile device. | F16: 1. Open app 2. Click on Client button 3. Click on Login 4. Click on Signup | G16: N/A | H16: The signup page should include fields for the user's name, email, and contact number, as per the client's requirements. | I16: An additional password field is present on the signup page, which is logically not valid. | J16: Fail | K16: Low | L16: https://drive.google.com/file/d/1yzOF9rTHhxP77BLFZDCEz0CJ9j5EreVH/view?usp=drive_link
A18: BR-006 | B18: Client (APK) | C18: SignUp | D18: The partition of country codes and numbers is missing in the APK. | E18: The user needs to have the APK running on their mobile device. | F18: 1. Open app 2. Click on Client button 3. Click on Login 4. Click on Signup | G18: N/A | H18: The separation between the contact's international code and the contact number should be clear and visible. | I18: The partition bar is missing in the contact number field on the signup page. | J18: Fail | K18: Low | L18: https://drive.google.com/file/d/19OFGB8yI6Tf1inb-a0baZQXWDcWpTwN6/view?usp=drive_link
A20: BR-007 | B20: Client (APK) | C20: Forget Password | D20: Forgot password OTP is set to email instead of phone number. | E20: The user needs to have the APK running on their mobile device. | F20: 1. Open app 2. Click on Client button 3. Click on Login 4. Click on Forget Password | G20: N/A | H20: The password reset OTP should align with the client's requirements. | I20: The OTP for the password reset was sent via email instead of the phone number, which did not align with the client's requirements. | J20: Fail | K20: High | L20: https://drive.google.com/file/d/1KLex23-Fe5dyghKSBYH7lkrzS1-6VG83/view?usp=drive_link
A22: BR-008 | B22: Client (APK) | C22: Profile | D22: The error bar on the profile is visible between transactions. | E22: The user needs to have the APK running on their mobile device. | F22: 1. Open app 2. Click on Client button 3. Login using valid credentials 4. Goto profile section | G22: email: itcrlbmzxpfmfowcfe@xfavaj.com password: 1122334455 | H22: The app should function smoothly on the user's side without any issues or conflicts. | I22: An error bar appears on the app, even during transactions. | J22: Fail | K22: High | L22: https://drive.google.com/file/d/1qVZUY5HAL95TM-2hkpnqeXZyQytKUBhp/view?usp=drive_link
A24: BR-009 | B24: Client (APK) | C24: Profile | D24: An error bar has appeared in the edit profile section. | E24: The user needs to have the APK running on their mobile device. | F24: 1. Open app 2. Click on Client button 3. Login using valid credentials 4. Goto profile section | G24: email: itcrlbmzxpfmfowcfe@xfavaj.com password: 1122334455 | H24: The app should function smoothly on the user's side without any issues or conflicts. | I24: During the page transition between editing profiles, an error bar is faintly visible to the naked eye. | J24: Fail | K24: Medium | L24: https://drive.google.com/file/d/1JILOLDJL3ZWUtIgXsdtqYVhSS2SsivjF/view?usp=drive_link
A26: BR-010 | B26: Client (APK) | C26: OTP Mail | D26: The OTP email came from a personal Gmail account. | E26: The user needs to have the APK running on their mobile device. | F26: 1. Open app 2. Click on Client button 3. Click on signup | G26: email: itcrlbmzxpfmfowcfe@xfavaj.com password: 1122334455 | H26: OTP should come from the app's email to address user trust issues. | I26: An OTP sent from a personal email can appear suspicious from the user's perspective. | J26: Fail | K26: Medium | L26: https://drive.google.com/file/d/1JrtbpqQLDuv5_lQH09pimvpog6-DRnfk/view?usp=drive_link
A28: BR-011 | B28: Client (APK) | C28: Profile | D28: The app logo is showing up in the profile section, even though it wasn't part of the client requirements. | E28: The user needs to have the APK running on their mobile device. | F28: 1. Open app 2. Click on Client button 3. Login using valid credential 4. Goto profile section | G28: email: itcrlbmzxpfmfowcfe@xfavaj.com password: 1122334455 | H28: App flow design should align with client requirements. | I28: A logo has been observed on the profile page, which was not included in the client requirements. | J28: Fail | K28: Low | L28: https://drive.google.com/file/d/1peyCAyGuVmf8hAUGmlgxXsx5UMbuKPcp/view?usp=drive_link
A30: BR-012 | B30: Client (APK) | C30: Add card | D30: Simplify the card addition bar in the mobile app. | E30: The user needs to have the APK running on their mobile device. | F30: 1. Open app 2. Click on Client button 3. Login using valid credential 4. Goto profile section 5. Click on Add payment methode | G30: email: itcrlbmzxpfmfowcfe@xfavaj.com password: 1122334455 | H30: All payment card gateways should be clearly visible to the client. | I30: A reduction in the payment card border has been observed. | J30: Fail | K30: Medium | L30: https://drive.google.com/file/d/1u29w_Wa7h4bOdm9m9WXAH4cPvm-ZdEVi/view?usp=drive_link
A32: BR-013 | B32: Client (APK) | C32: Card Information | D32: An overflow bar has been observed in the card information. | E32: The user needs to have the APK running on their mobile device. | F32: 1. Open app 2. Click on Client button 3. Login using valid credential 4. Goto profile section 5. Click on Add payment methode | G32: email: itcrlbmzxpfmfowcfe@xfavaj.com password: 1122334455 | H32: No overflow bar should appear from the client's perspective. | I32: The overflow bar appears on card information where the card number format is provided. | J32: Fail | K32: High | L32: https://drive.google.com/file/d/1tkCaCf4ymxthAx4ysDqpZc37wM_ilSrc/view?usp=drive_link
A34: BR-014 | B34: Client (APK) | C34: Card Information | D34: Data validation is yet to be implemented. | E34: The user needs to have the APK running on their mobile device. | F34: 1. Open app 2. Click on Client button 3. Login using valid credential 4. Goto profile section 5. Click on Add payment methode | G34: email: itcrlbmzxpfmfowcfe@xfavaj.com password: 1122334455 | H34: Can you use random characters and special symbols in the expiry date and CVV fields on card information? | I34: Specific formatting should be applied to card data information, and accurate data validation formatting should be implemented. | J34: Fail | K34: High | L34: https://drive.google.com/file/d/1dDJVgs6mWVi6alCalMXd7yxJHutTTxwX/view?usp=drive_link
... A44: BR-019 | B44: Client (APK) | C44: Profile | D44: The edit button on the profile editing page. | E44: The user needs to have the APK running on their mobile device. | F44: 1. Open app 2. Click on Client button 3. Login using valid credential 4. Goto Profile Section | G44: email: itcrlbmzxpfmfowcfe@xfavaj.com password: 1122334455 | H44: No additional edit button should appear on the edit page since the user is already in the edit profile section. | I44: The edit button on the edit profile section seems unnecessary and illogical. | J44: Fail | K44: Low | L44: https://drive.google.com/file/d/1tLz7FYBRXK9Eu6YDRz9Y0FsFd89qfRJw/view?usp=drive_link
A46: BR-020 | B46: Client (APK) | C46: Profile | D46: Date of birth on edit profile can be change | E46: The user needs to have the APK running on their mobile device. | F46: 1. Open app 2. Click on Client button 3. Login using valid credential 4. Goto Profile Section | G46: email: itcrlbmzxpfmfowcfe@xfavaj.com password: 1122334455 | H46: The date of birth should be updated only once when the user creates their profile. After that, it should remain unchanged. | I46: User can update your date of birth in the edit profile section. | J46: Fail | K46: Medium | L46: https://drive.google.com/file/d/1bFQYk40PYBndphFPjwWfT30fA6DO3DzV/view?usp=drive_link | M46: The best approach is to require users to input their date of birth when creating a profile initially. If the client requires the option to update the date, a one-time update feature can be implemented, which would be beneficial for the client side.
A48: BR-021 | B48: Client (APK) | C48: Profile | D48: Unable to enter the date of birth in the edit profile section. | E48: The user needs to have the APK running on their mobile device. | F48: 1. Open app 2. Click on Client button 3. Login using valid credential 4. Goto Profile Section | G48: email: itcrlbmzxpfmfowcfe@xfavaj.com password: 1122334455 | H48: The date of birth should be updated only once when the user creates their profile. After that, it should remain unchanged. | I48: User can update your date of birth in the edit profile section. | J48: Fail | K48: High | L48: https://drive.google.com/file/d/1Gt5Puly1E-sAvpeI4mSzi1RZP0R_L4yu/view?usp=drive_link | M48: The best approach is to require users to input their date of birth when creating a profile initially. If the client requires the option to update the date, a one-time update feature can be implemented, which would be beneficial for the client side.
A50: BR-022 | B50: Client (APK) | C50: Profile | D50: The friend invitation was unsuccessful. | E50: The user needs to have the APK running on their mobile device. | F50: 1. Open app 2. Click on Client button 3. Login using valid credential 4. Goto Profile Section | G50: email: lowovip595@elobits.com password: 112244557788 | H50: Users should have the ability to invite their friends via email. | I50: The user invitation was unsuccessful. | J50: Fail | K50: High | L50: https://drive.google.com/file/d/1_Tv60KP7Tkjkh7iHUX0DXhCzqf0GqRa6/view?usp=drive_link
A52: BR-023 | B52: Client (APK) | C52: Notification | D52: Notification failed to load | E52: The user needs to have the APK running on their mobile device. | F52: 1. Open app 2. Click on Client button 3. Login using valid credential 4. Goto Notification Section | G52: email: lowovip595@elobits.com password: 112244557788 | H52: Notifications should load correctly on the client side for smoother interaction. | I52: Notification missing. Error displayed: No room found. | J52: Fail | K52: High | L52: https://drive.google.com/file/d/17Qe2pumq6nLmzLEcvseV514o8eAPVwvk/view?usp=drive_link
A54: BR-024 | B54: Client (APK) | C54: Payment | D54: The payment page failed to load. | E54: The user needs to have the APK running on their mobile device. | F54: 1. Open app 2. Click on Client button 3. Login using valid credential 4. Goto Appointment Section | G54: email: lowovip595@elobits.com password: 112244557788 | H54: The payment gateway should load smoothly and function accurately. | I54: An error appears indicating the payment page failed to load. | J54: Fail | K54: High | L54: https://drive.google.com/file/d/13f38e09rp29Hk6b4D8ZGRbUSFG2lR1oh/view?usp=drive_link
A56: BR-025 | B56: Client (APK) | C56: Appointment | D56: The location details input field is slightly different from the client's requirements. | E56: The user needs to have the APK running on their mobile device. | F56: 1. Open app 2. Click on Client button 3. Login using valid credential 4. Goto Appointment Section | G56: email: lowovip595@elobits.com password: 112244557788 | H56: Alignment and design should match the client's requirements. | I56: A different design and layout have been observed. | J56: Fail | K56: Low | L56: https://drive.google.com/file/d/1F6zNQsG49gDUpfguLk-u9nFlyuXhBEkF/view?usp=drive_link
A58: BR-026 | B58: Client (APK) | C58: Appointment | D58: The age preference does not align with the client requirement. | E58: The user needs to have the APK running on their mobile device. | F58: 1. Open app 2. Click on Client button 3. Login using valid credential 4. Goto Appointment Section | G58: email: lowovip595@elobits.com password: 112244557788 | H58: Alignment and design should match the client's requirements. | I58: A different design and layout have been observed. | J58: Fail | K58: Low | L58: https://drive.google.com/file/d/1loH6gbOEVYxwdpQtNm0INqLyHo92xJbM/view?usp=drive_link
A60: BR-027 | B60: Client (APK) | C60: Appointment | D60: Error bars on selected therapist schedules | E60: The user needs to have the APK running on their mobile device. | F60: 1. Open app 2. Click on Client button 3. Login using valid credential 4. Goto Appointment Section | G60: email: lowovip595@elobits.com password: 112244557788 | H60: The error bar should not be visible on the client side. | I60: An error bar on the "Done" button in the select schedule section has been identified. | J60: Fail | K60: Medium | L60: https://drive.google.com/file/d/1IeVWxa2y6sKCMgIvz9n6y_GsWL13OHBt/view?usp=drive_link
A62: BR-028 | B62: Client (APK) | C62: Appointment | D62: The agree button overlaps with the section bar. | E62: The user needs to have the APK running on their mobile device. | F62: 1. Open app 2. Click on Client button 3. Login using valid credential 4. Goto Appointment Section | G62: email: lowovip595@elobits.com password: 112244557788 | H62: The field shadow effect should not exceed its boundary. | I62: The cross-boundary effect has been observed. | J62: Fail | K62: Low | L62: https://drive.google.com/file/d/1haRoWx_fzP2CktG0LbdGtOVcBGkZOyAs/view?usp=drive_link
A64: BR-029 | B64: Client (APK) | C64: Appointment | D64: The layout varies for questions about medical appointments. | E64: The user needs to have the APK running on their mobile device. | F64: 1. Open app 2. Click on Client button 3. Login using valid credential 4. Goto Appointment Section 5. After select required fields, goto medical questions | G64: email: lowovip595@elobits.com password: 112244557788 | H64: Alignment and design should match the client's requirements. | I64: A different design and layout have been observed. | J64: Fail | K64: Low | L64: https://drive.google.com/file/d/15VG_T_k1OUzSG0xdJjXgTgkniEmLBDiK/view?usp=drive_link
A66: BR-030 | B66: Client (APK) | C66: Appointment | D66: The button layout does not match the client's requirements. | E66: The user needs to have the APK running on their mobile device. | F66: 1. Open app 2. Click on Client button 3. Login using valid credential 4. Goto Appointment Section 5. After select required fields, goto medical questions | G66: email: lowovip595@elobits.com password: 112244557788 | H66: Alignment and design should match the client's requirements. | I66: A different design and layout have been observed. | J66: Fail | K66: Low | L66: https://drive.google.com/file/d/13exhdxanyYbRnL4ACc2CJe65OBwTpcvO/view?usp=drive_link
A68: BR-031 | B68: Client (APK) | C68: Appointment | D68: The button layout does not match the client's requirements. | E68: The user needs to have the APK running on their mobile device. | F68: 1. Open app 2. Click on Client button 3. Login using valid credential 4. Goto Appointment Section 5. After select required fields, goto medical questions | G68: email: lowovip595@elobits.com password: 112244557788 | H68: Alignment and design should match the client's requirements. | I68: A different design and layout have been observed. | J68: Fail | K68: Low | L68: https://drive.google.com/file/d/1nkwEoAO2orWPxnW4t-8bcBiKzHGDoJ3k/view?usp=drive_link
A70: BR-032 | B70: Client (APK) | C70: Appointment | D70: The button layout does not match the client's requirements. | E70: The user needs to have the APK running on their mobile device. | F70: 1. Open app 2. Click on Client button 3. Login using valid credential 4. Goto Appointment Section 5. After select required fields, goto medical questions | G70: email: lowovip595@elobits.com password: 112244557788 | H70: Alignment and design should match the client's requirements. | I70: A different design and layout have been observed. | J70: Fail | K70: Low | L70: https://drive.google.com/file/d/14x0H8Cj1yGkq9nIRIMEkEh_BrqGUHyb1/view?usp=drive_link
A72: BR-033 | B72: Client (APK) | C72: Appointment | D72: The button layout does not match the client's requirements. | E72: The user needs to have the APK running on their mobile device. | F72: 1. Open app 2. Click on Client button 3. Login using valid credential 4. Goto Appointment Section 5. After select required fields, goto medical questions | G72: email: lowovip595@elobits.com password: 112244557788 | H72: Medical questions should be properly submitted without any issues. | I72: Unable to submit client medical questions via the app. | J72: Fail | K72: High | L72: https://drive.google.com/file/d/1NY-OIs6XpToQOBkdBXzOT54gHBKu1Cqs/view?usp=drive_link
... A88: BR-041 | B88: Client (APK) | C88: Bookings | D88: Cancellation policy alignment and design concern. | E88: The user needs to have the APK running on their mobile device. | F88: 1. Open app 2. Click on Client button 3. Login using valid credential 4. Goto Home page 5. Click on Bookings | G88: email: lowovip595@elobits.com password: 112244557788 | H88: The paragraph title in the cancellation policy should be bold and easily noticeable. | I88: An alignment issue was identified, and the bold formatting for the text topic is also missing. | J88: Fail | K88: Low | L88: https://drive.google.com/file/d/1rJLjMwI8nniNOY5xZ4xPNHNk_XH0otlu/view?usp=drive_link
A90: BR-042 | B90: Client (APK) | C90: Start Page | D90: The logo is a bit small. | E90: The user needs to have the APK running on their mobile device. | F90: 1. Open app | H90: The app's logo should be larger to catch the client's attention. | I90: The app logo appears too small when the application launches. | J90: Fail | K90: Low | L90: https://drive.google.com/file/d/1RFb7u1ZHfXg9BeNBpxaU6znbd1L7l1pY/view?usp=drive_link
A92: BR-043 | B92: Client (APK) | C92: Chat | D92: The chat and call section is missing in the APK. | E92: The user needs to have the APK running on their mobile device. | F92: 1. Open app 2. Login using valid credentials 3. Goto Chat | G92: email : sayduntuhin.sta@gmail.com pass: 12345678 | H92: The chat section should include both chat and call logs to ensure client satisfaction and enable tracking. | I92: The call log is missing in the chat section. | J92: Fail | K92: High | L92: https://drive.google.com/file/d/1GnNqqEV4v5p5Ljd7anvErcGqlXhXMURA/view?usp=drive_link
A94: BR-044 | B94: Client (APK) | C94: Chat | D94: The call option is missing in the chat. | E94: The user needs to have the APK running on their mobile device. | F94: 1. Open app 2. Login using valid credentials 3. Goto Chat | G94: email : sayduntuhin.sta@gmail.com pass: 12345678 | H94: A call option in chat should be available for clients to directly call the therapist for further assistance. | I94: The absence of a call option in the chat has been noted. | J94: Fail | K94: High | L94: https://drive.google.com/file/d/1MU7PrtlmpF0l9Kd6tOG3EKwmh-MN_iBj/view?usp=drive_link
A96: BR-045 | B96: Client (APK) | C96: Chat | D96: Sending voice messages from chat is missing. | E96: The user needs to have the APK running on their mobile device. | F96: 1. Open app 2. Login using valid credentials 3. Goto Chat | G96: email : sayduntuhin.sta@gmail.com pass: 12345678 | H96: A voice send option should be integrated into chat for a better user experience. | I96: The absence of the voice button has been observed. | J96: Fail | K96: High | L96: https://drive.google.com/file/d/1bdn-YJqS2VeAxlTuwYjr7VDnlWXHIEiW/view?usp=drive_link
A98: BR-046 | B98: Client (APK) | C98: Chat | D98: The option to send pictures is missing in the app. | E98: The user needs to have the APK running on their mobile device. | F98: 1. Open app 2. Login using valid credentials 3. Goto Chat | G98: email : sayduntuhin.sta@gmail.com pass: 12345678 | H98: Adding a send picture option to the app would enhance the user experience. | I98: The missing option for sending pictures has been noticed. | J98: Fail | K98: High | L98: https://drive.google.com/file/d/1j8uc21xxRQ_ITR17s6bei4f8y8S6KfZm/view?usp=drive_link
A100: BR-047 | B100: Client (APK) | C100: Chat | D100: The pattern of sending voice messages is different. | E100: The user needs to have the APK running on their mobile device. | F100: 1. Open app 2. Login using valid credentials 3. Goto Chat | G100: email : sayduntuhin.sta@gmail.com pass: 12345678 | H100: Alignment and design should match the client's requirements. | I100: A different design and layout have been observed. | J100: Fail | K100: Low | L100: https://drive.google.com/file/d/1qvXSarQEFjZqbinUQeb_-yuLm_mOg4ue/view?usp=drive_link
A102: BR-048
A104: BR-049
A106: BR-050
A108: BR-051
A110: BR-052
A112: BR-053

Sheet Summary Report
A1: Module | B1: Sub Module | C1: Test Case Count | D1: Bug Count | E1: Bug Rate % | F1: Bug Severity
A2: =IFERROR(__xludf.DUMMYFUNCTION("UNIQUE(FILTER('Main Report'!B11:B1000, 'Main Report'!B11:B1000 <> """"))"),"Client (APK)") -> Client (APK) | B2: =IFERROR(__xludf.DUMMYFUNCTION("UNIQUE(FILTER('Main Report'!C11:C1000, 'Main Report'!C11:C1000 <> """"))"),"Add card") -> Add card | C2: =IFERROR(__xludf.DUMMYFUNCTION("IFERROR(TEXTJOIN("", "", TRUE, FILTER('Main Report'!$A$11:$A1000, 'Main Report'!$C$11:$C1000 = B2)), """") "),"BR-001") -> BR-001 | D2: =IF(COUNTIFS('Main Report'!$B$11:$B1000, A2, 'Main Report'!$K$11:$K1000, "<>")=0, "", COUNTIFS('Main Report'!$B$11:$B1000, A2, 'Main Report'!$K$11:$K1000, "<>")) -> 47 | E2: =IF(OR(D2=0, 'Main Report'!$E$7=0), "", TEXT(D2 / 'Main Report'!$E$7 * 100, "0.00") & "%") -> 100.00% | F2: ="High: " & COUNTIFS('Main Report'!B11:B1000, A2, 'Main Report'!K11:K1000, "High") & CHAR(10) & "Medium: " & COUNTIFS('Main Report'!B11:B1000, A2, 'Main Report'!K11:K1000, "Medium") & CHAR(10) & "Low: " & COUNTIFS('Main Report'!B11:B1000, A2, 'Main Report'!K11:K1000, "Low") -> High: 17 Medium: 9 Low: 21
B3: =IFERROR(__xludf.DUMMYFUNCTION("""COMPUTED_VALUE"""),"Appointment") -> Appointment | C3: =IFERROR(__xludf.DUMMYFUNCTION("IFERROR(TEXTJOIN("", "", TRUE, FILTER('Main Report'!$A$11:$A1000, 'Main Report'!$C$11:$C1000 = B3)), """") "),"BR-002, BR-003, BR-004, BR-005, BR-006, BR-007, BR-008, BR-009, BR-010") -> BR-002, BR-003, BR-004, BR-005, BR-006, BR-007, BR-008, BR-009, BR-010 | G3: =IFERROR(__xludf.DUMMYFUNCTION("TEXTJOIN("", "", TRUE, UNIQUE(FILTER('Main Report'!P12:P1000, 'Main Report'!B12:B1000 = A3))) "),"")
B4: =IFERROR(__xludf.DUMMYFUNCTION("""COMPUTED_VALUE"""),"Bookings") -> Bookings | C4: =IFERROR(__xludf.DUMMYFUNCTION("IFERROR(TEXTJOIN("", "", TRUE, FILTER('Main Report'!$A$11:$A1000, 'Main Report'!$C$11:$C1000 = B4)), """") "),"BR-011, BR-012, BR-013, BR-014") -> BR-011, BR-012, BR-013, BR-014 | G4: =IFERROR(__xludf.DUMMYFUNCTION("TEXTJOIN("", "", TRUE, UNIQUE(FILTER('Main Report'!P13:P1000, 'Main Report'!B13:B1000 = A4))) "),"")
B5: =IFERROR(__xludf.DUMMYFUNCTION("""COMPUTED_VALUE"""),"Card Information") -> Card Information | C5: =IFERROR(__xludf.DUMMYFUNCTION("IFERROR(TEXTJOIN("", "", TRUE, FILTER('Main Report'!$A$11:$A1000, 'Main Report'!$C$11:$C1000 = B5)), """") "),"BR-015, BR-016") -> BR-015, BR-016
B6: =IFERROR(__xludf.DUMMYFUNCTION("""COMPUTED_VALUE"""),"Chat") -> Chat | C6: =IFERROR(__xludf.DUMMYFUNCTION("IFERROR(TEXTJOIN("", "", TRUE, FILTER('Main Report'!$A$11:$A1000, 'Main Report'!$C$11:$C1000 = B6)), """") "),"BR-017, BR-018, BR-019, BR-020, BR-021") -> BR-017, BR-018, BR-019, BR-020, BR-021
B7: =IFERROR(__xludf.DUMMYFUNCTION("""COMPUTED_VALUE"""),"Forget Password") -> Forget Password | C7: =IFERROR(__xludf.DUMMYFUNCTION("IFERROR(TEXTJOIN("", "", TRUE, FILTER('Main Report'!$A$11:$A1000, 'Main Report'!$C$11:$C1000 = B7)), """") "),"BR-022") -> BR-022
B8: =IFERROR(__xludf.DUMMYFUNCTION("""COMPUTED_VALUE"""),"Home") -> Home | C8: =IFERROR(__xludf.DUMMYFUNCTION("IFERROR(TEXTJOIN("", "", TRUE, FILTER('Main Report'!$A$11:$A1000, 'Main Report'!$C$11:$C1000 = B8)), """") "),"BR-023, BR-024, BR-025") -> BR-023, BR-024, BR-025
B9: =IFERROR(__xludf.DUMMYFUNCTION("""COMPUTED_VALUE"""),"Login") -> Login | C9: =IFERROR(__xludf.DUMMYFUNCTION("IFERROR(TEXTJOIN("", "", TRUE, FILTER('Main Report'!$A$11:$A1000, 'Main Report'!$C$11:$C1000 = B9)), """") "),"BR-026, BR-027, BR-028") -> BR-026, BR-027, BR-028
B10: =IFERROR(__xludf.DUMMYFUNCTION("""COMPUTED_VALUE"""),"Notification") -> Notification | C10: =IFERROR(__xludf.DUMMYFUNCTION("IFERROR(TEXTJOIN("", "", TRUE, FILTER('Main Report'!$A$11:$A1000, 'Main Report'!$C$11:$C1000 = B10)), """") "),"BR-029") -> BR-029
B11: =IFERROR(__xludf.DUMMYFUNCTION("""COMPUTED_VALUE"""),"OTP Mail") -> OTP Mail | C11: =IFERROR(__xludf.DUMMYFUNCTION("IFERROR(TEXTJOIN("", "", TRUE, FILTER('Main Report'!$A$11:$A1000, 'Main Report'!$C$11:$C1000 = B11)), """") "),"BR-030") -> BR-030
B12: =IFERROR(__xludf.DUMMYFUNCTION("""COMPUTED_VALUE"""),"Payment") -> Payment | C12: =IFERROR(__xludf.DUMMYFUNCTION("IFERROR(TEXTJOIN("", "", TRUE, FILTER('Main Report'!$A$11:$A1000, 'Main Report'!$C$11:$C1000 = B12)), """") "),"BR-031") -> BR-031
B13: =IFERROR(__xludf.DUMMYFUNCTION("""COMPUTED_VALUE"""),"Profile") -> Profile | C13: =IFERROR(__xludf.DUMMYFUNCTION("IFERROR(TEXTJOIN("", "", TRUE, FILTER('Main Report'!$A$11:$A1000, 'Main Report'!$C$11:$C1000 = B13)), """") "),"BR-032, BR-033, BR-034, BR-035, BR-036, BR-037, BR-038, BR-039, BR-040") -> BR-032, BR-033, BR-034, BR-035, BR-036, BR-037, BR-038, BR-039, BR-040
B14: =IFERROR(__xludf.DUMMYFUNCTION("""COMPUTED_VALUE"""),"Rewards") -> Rewards | C14: =IFERROR(__xludf.DUMMYFUNCTION("IFERROR(TEXTJOIN("", "", TRUE, FILTER('Main Report'!$A$11:$A1000, 'Main Report'!$C$11:$C1000 = B14)), """") "),"BR-041") -> BR-041
B15: =IFERROR(__xludf.DUMMYFUNCTION("""COMPUTED_VALUE"""),"SignUp") -> SignUp | C15: =IFERROR(__xludf.DUMMYFUNCTION("IFERROR(TEXTJOIN("", "", TRUE, FILTER('Main Report'!$A$11:$A1000, 'Main Report'!$C$11:$C1000 = B15)), """") "),"BR-042, BR-043, BR-044") -> BR-042, BR-043, BR-044
B16: =IFERROR(__xludf.DUMMYFUNCTION("""COMPUTED_VALUE"""),"Start Page") -> Start Page | C16: =IFERROR(__xludf.DUMMYFUNCTION("IFERROR(TEXTJOIN("", "", TRUE, FILTER('Main Report'!$A$11:$A1000, 'Main Report'!$C$11:$C1000 = B16)), """") "),"BR-045") -> BR-045
B17: =IFERROR(__xludf.DUMMYFUNCTION("""COMPUTED_VALUE"""),"Wallet") -> Wallet | C17: =IFERROR(__xludf.DUMMYFUNCTION("IFERROR(TEXTJOIN("", "", TRUE, FILTER('Main Report'!$A$11:$A1000, 'Main Report'!$C$11:$C1000 = B17)), """") "),"BR-046, BR-047") -> BR-046, BR-047
E18: =IF(OR(D18=0, 'Main Report'!$E$7=0), "", TEXT(D18 / 'Main Report'!$E$7 * 100, "0.00") & "%")
E19: =IF(OR(D19=0, 'Main Report'!$E$7=0), "", TEXT(D19 / 'Main Report'!$E$7 * 100, "0.00") & "%")
E20: =IF(OR(D20=0, 'Main Report'!$E$7=0), "", TEXT(D20 / 'Main Report'!$E$7 * 100, "0.00") & "%")
E21: =IF(OR(D21=0, 'Main Report'!$E$7=0), "", TEXT(D21 / 'Main Report'!$E$7 * 100, "0.00") & "%")
E22: =IF(OR(D22=0, 'Main Report'!$E$7=0), "", TEXT(D22 / 'Main Report'!$E$7 * 100, "0.00") & "%")
E23: =IF(OR(D23=0, 'Main Report'!$E$7=0), "", TEXT(D23 / 'Main Report'!$E$7 * 100, "0.00") & "%")
E24: =IF(OR(D24=0, 'Main Report'!$E$7=0), "", TEXT(D24 / 'Main Report'!$E$7 * 100, "0.00") & "%")
E25: =IF(OR(D25=0, 'Main Report'!$E$7=0), "", TEXT(D25 / 'Main Report'!$E$7 * 100, "0.00") & "%")
E26: =IF(OR(D26=0, 'Main Report'!$E$7=0), "", TEXT(D26 / 'Main Report'!$E$7 * 100, "0.00") & "%")
E27: =IF(OR(D27=0, 'Main Report'!$E$7=0), "", TEXT(D27 / 'Main Report'!$E$7 * 100, "0.00") & "%")
E28: =IF(OR(D28=0, 'Main Report'!$E$7=0), "", TEXT(D28 / 'Main Report'!$E$7 * 100, "0.00") & "%")
E29: =IF(OR(D29=0, 'Main Report'!$E$7=0), "", TEXT(D29 / 'Main Report'!$E$7 * 100, "0.00") & "%")
... E37: =IF(OR(D37=0, 'Main Report'!$E$7=0), "", TEXT(D37 / 'Main Report'!$E$7 * 100, "0.00") & "%")
